Recency,Frequency,Monetary,R_Score,F_Score,M_Score,RFM_Score,Segment
325,1,77183.6,1,1,5,115,Need Attention
1,7,4310.0,5,4,5,545,Champions
74,4,1797.24,2,3,4,234,At Risk
18,1,1757.55,4,1,4,414,Potential Loyalists
309,1,334.40000000000003,1,1,2,112,Lost Customers
35,8,2506.04,3,4,5,345,Loyal Customers
203,1,89.0,1,1,1,111,Lost Customers
231,1,1079.4,1,1,4,114,Need Attention
213,1,459.40000000000003,1,1,2,112,Lost Customers
22,3,2811.43,4,3,5,435,Loyal Customers
32,1,6207.67,4,1,5,415,Potential Loyalists
1,2,1168.06,5,2,4,524,Potential Loyalists
57,4,6310.03,3,3,5,335,Loyal Customers
51,3,2662.06,3,3,5,335,Loyal Customers
286,1,189.9,1,1,1,111,Lost Customers
2,10,5226.2300000000005,5,4,5,545,Champions
109,2,552.0,2,2,3,223,Need Attention
7,4,1313.1,5,3,4,534,Loyal Customers
290,2,641.38,1,2,3,123,Need Attention
3,1,168.9,5,1,1,511,New Customers
50,4,3541.94,3,3,5,335,Loyal Customers
44,2,1887.96,3,2,4,324,Need Attention
71,3,1298.04,3,3,4,334,Loyal Customers
310,1,364.6,1,1,2,112,Lost Customers
24,1,742.9300000000001,4,1,3,413,Potential Loyalists
10,2,457.5,5,2,2,522,Potential Loyalists
314,2,1628.1200000000001,1,2,4,124,Need Attention
129,1,4008.62,2,1,5,215,Need Attention
81,2,852.24,2,2,3,223,Need Attention
21,4,2724.81,4,3,5,435,Loyal Customers
4,5,1845.31,5,4,4,544,Champions
184,5,1850.56,1,4,4,144,At Risk
28,2,585.27,4,2,3,423,Potential Loyalists
337,2,401.9,1,2,2,122,Lost Customers
15,6,2780.6600000000003,4,4,5,445,Champions
79,1,549.84,2,1,3,213,Need Attention
21,1,439.66,4,1,2,412,Potential Loyalists
71,4,1582.6000000000001,3,3,4,334,Loyal Customers
63,2,1272.48,3,2,4,324,Need Attention
18,12,3018.63,4,5,5,455,Champions
35,2,2409.9,3,2,5,325,Need Attention
45,1,1635.6599999999999,3,1,4,314,Need Attention
118,4,1108.65,2,3,4,234,At Risk
302,1,84.3,1,1,1,111,Lost Customers
322,1,225.60000000000002,1,1,1,111,Lost Customers
49,1,427.7,3,1,2,312,Need Attention
148,1,1710.39,2,1,4,214,Need Attention
21,2,3415.3,4,2,5,425,Potential Loyalists
49,5,1708.12,3,4,4,344,Loyal Customers
32,5,2888.55,4,4,5,445,Champions
78,3,11072.67,2,3,5,235,At Risk
308,2,693.33,1,2,3,123,Need Attention
74,3,1226.88,2,3,4,234,At Risk
66,3,758.1,3,3,3,333,Loyal Customers
216,3,562.4100000000001,1,3,3,133,At Risk
23,21,124914.53,4,5,5,455,Champions
2,9,3649.1,5,4,5,545,Champions
112,1,668.58,2,1,3,213,Need Attention
63,1,600.39,3,1,3,313,Need Attention
15,4,807.04,4,3,3,433,Loyal Customers
95,3,803.5600000000001,2,3,3,233,At Risk
0,8,1859.31,5,4,4,544,Champions
162,2,1760.96,2,2,4,224,Need Attention
77,1,777.2,2,1,3,213,Need Attention
194,1,582.73,1,1,3,113,Need Attention
21,3,825.8000000000001,4,3,3,433,Loyal Customers
25,9,7956.46,4,4,5,445,Champions
8,4,3750.4,5,3,5,535,Loyal Customers
42,1,256.4,3,1,2,312,Need Attention
35,15,6419.95,3,5,5,355,Loyal Customers
42,5,5059.32,3,4,5,345,Loyal Customers
0,7,13375.87,5,4,5,545,Champions
84,2,806.14,2,2,3,223,Need Attention
79,2,7829.89,2,2,5,225,Need Attention
99,1,509.01,2,1,3,213,Need Attention
1,18,4951.41,5,5,5,555,Champions
13,2,2906.85,4,2,5,425,Potential Loyalists
366,1,173.55,1,1,1,111,Lost Customers
2,1,172.06,5,1,1,511,New Customers
20,5,5005.46,4,4,5,445,Champions
21,1,133.4,4,1,1,411,New Customers
57,1,1002.3100000000001,3,1,4,314,Need Attention
242,1,476.49,1,1,2,112,Lost Customers
43,1,449.45,3,1,2,312,Need Attention
21,4,4067.29,4,3,5,435,Loyal Customers
155,2,197.88,2,2,1,221,Lost Customers
10,5,9035.52,5,4,5,545,Champions
16,2,430.57000000000005,4,2,2,422,Potential Loyalists
133,1,707.09,2,1,3,213,Need Attention
55,1,3528.34,3,1,5,315,Need Attention
72,6,2466.86,2,4,5,245,At Risk
43,3,3181.04,3,3,5,335,Loyal Customers
65,7,2363.23,3,4,5,345,Loyal Customers
70,2,947.4,3,2,4,324,Need Attention
93,2,826.88,2,2,3,223,Need Attention
18,2,1189.59,4,2,4,424,Potential Loyalists
52,4,1344.78,3,3,4,334,Loyal Customers
9,8,1212.05,5,4,4,544,Champions
16,2,742.19,4,2,3,423,Potential Loyalists
187,2,729.54,1,2,3,123,Need Attention
1,30,19788.65,5,5,5,555,Champions
31,7,6572.11,4,4,5,445,Champions
28,5,3928.05,4,4,5,445,Champions
16,18,7324.09,4,5,5,455,Champions
53,1,723.38,3,1,3,313,Need Attention
15,11,6816.42,4,5,5,455,Champions
22,6,13219.74,4,4,5,445,Champions
3,1,680.99,5,1,3,513,Potential Loyalists
10,1,527.2,5,1,3,513,Potential Loyalists
27,4,3281.63,4,3,5,435,Loyal Customers
22,10,5579.82,4,4,5,445,Champions
16,8,2484.98,4,4,5,445,Champions
32,6,4527.32,4,4,5,445,Champions
9,3,1298.66,5,3,4,534,Loyal Customers
335,1,334.93,1,1,2,112,Lost Customers
4,10,5417.93,5,4,5,545,Champions
38,1,460.40000000000003,3,1,2,312,Need Attention
62,2,263.21000000000004,3,2,2,322,Need Attention
165,2,433.74,2,2,2,222,Lost Customers
15,7,1246.1,4,4,4,444,Champions
81,1,1043.1,2,1,4,214,Need Attention
20,3,403.70000000000005,4,3,2,432,Need Attention
22,11,4257.82,4,5,5,455,Champions
336,1,2169.39,1,1,5,115,Need Attention
95,5,3723.87,2,4,5,245,At Risk
17,2,482.04999999999995,4,2,2,422,Potential Loyalists
232,1,73.5,1,1,1,111,Lost Customers
133,3,1304.81,2,3,4,234,At Risk
25,2,397.88,4,2,2,422,Potential Loyalists
283,1,176.5,1,1,1,111,Lost Customers
142,2,982.5699999999999,2,2,4,224,Need Attention
65,2,132.18,3,2,1,321,Need Attention
112,1,612.29,2,1,3,213,Need Attention
266,1,1017.6800000000001,1,1,4,114,Need Attention
352,1,383.7,1,1,2,112,Lost Customers
77,2,1312.06,2,2,4,224,Need Attention
27,5,2481.6,4,4,5,445,Champions
0,5,2056.89,5,4,5,545,Champions
63,1,330.84000000000003,3,1,2,312,Need Attention
78,5,2634.26,2,4,5,245,At Risk
142,1,599.68,2,1,3,213,Need Attention
38,2,192.72,3,2,1,321,Need Attention
18,11,1789.77,4,5,4,454,Champions
8,8,4485.72,5,4,5,545,Champions
0,3,1316.66,5,3,4,534,Loyal Customers
81,3,348.71000000000004,2,3,2,232,Need Attention
8,6,1933.48,5,4,4,544,Champions
59,4,1662.28,3,3,4,334,Loyal Customers
14,1,125.22,4,1,1,411,New Customers
29,1,349.83000000000004,4,1,2,412,Potential Loyalists
130,1,1089.18,2,1,4,214,Need Attention
91,2,716.35,2,2,3,223,Need Attention
42,3,12601.830000000002,3,3,5,335,Loyal Customers
28,1,363.95,4,1,2,412,Potential Loyalists
21,4,5568.35,4,3,5,435,Loyal Customers
19,17,13400.24,4,5,5,455,Champions
29,3,981.18,4,3,4,434,Loyal Customers
35,1,372.7,3,1,2,312,Need Attention
74,2,1000.39,2,2,4,224,Need Attention
46,2,1161.5,3,2,4,324,Need Attention
197,2,207.8,1,2,1,121,Lost Customers
165,1,95.19999999999999,2,1,1,211,Lost Customers
78,1,964.83,2,1,4,214,Need Attention
357,1,168.0,1,1,1,111,Lost Customers
38,2,437.82,3,2,2,322,Need Attention
7,10,3692.28,5,4,5,545,Champions
49,2,599.56,3,2,3,323,Need Attention
15,5,11990.960000000001,4,4,5,445,Champions
7,1,269.96,5,1,2,512,Potential Loyalists
310,2,561.71,1,2,3,123,Need Attention
4,4,2134.01,5,3,5,535,Loyal Customers
302,1,238.85,1,1,1,111,Lost Customers
7,7,3781.7400000000002,5,4,5,545,Champions
260,1,456.90000000000003,1,1,2,112,Lost Customers
288,1,145.92000000000002,1,1,1,111,Lost Customers
85,1,351.65,2,1,2,212,Lost Customers
22,10,9401.28,4,4,5,445,Champions
1,32,4124.6900000000005,5,5,5,555,Champions
39,2,519.61,3,2,3,323,Need Attention
8,2,1020.4200000000001,5,2,4,524,Potential Loyalists
226,1,160.54000000000002,1,1,1,111,Lost Customers
315,1,218.45000000000002,1,1,1,111,Lost Customers
35,5,1315.83,3,4,4,344,Loyal Customers
34,3,626.6,3,3,3,333,Loyal Customers
20,2,2794.51,4,2,5,425,Potential Loyalists
77,1,440.42,2,1,2,212,Lost Customers
246,1,415.7,1,1,2,112,Lost Customers
39,1,197.71,3,1,1,311,Need Attention
238,2,511.36,1,2,3,123,Need Attention
2,15,7281.38,5,5,5,555,Champions
3,9,2338.15,5,4,5,545,Champions
233,2,2040.1,1,2,4,124,Need Attention
16,1,196.94000000000003,4,1,1,411,New Customers
7,1,144.0,5,1,1,511,New Customers
38,1,214.89999999999998,3,1,1,311,Need Attention
28,2,646.68,4,2,3,423,Potential Loyalists
210,2,9864.26,1,2,5,125,Need Attention
316,1,452.84999999999997,1,1,2,112,Lost Customers
91,2,437.6,2,2,2,222,Lost Customers
108,3,418.1,2,3,2,232,Need Attention
37,10,3338.2200000000003,3,4,5,345,Loyal Customers
50,2,618.27,3,2,3,323,Need Attention
18,4,3811.22,4,3,5,435,Loyal Customers
9,8,3023.08,5,4,5,545,Champions
28,7,1032.58,4,4,4,444,Champions
28,10,2599.04,4,4,5,445,Champions
189,5,577.0600000000001,1,4,3,143,At Risk
58,1,153.12,3,1,1,311,Need Attention
21,1,739.1999999999999,4,1,3,413,Potential Loyalists
78,2,254.18,2,2,2,222,Lost Customers
59,1,1579.51,3,1,4,314,Need Attention
77,3,1126.85,2,3,4,234,At Risk
22,5,2099.54,4,4,5,445,Champions
51,1,1193.32,3,1,4,314,Need Attention
73,1,704.04,2,1,3,213,Need Attention
56,5,3344.38,3,4,5,345,Loyal Customers
277,1,315.6,1,1,2,112,Lost Customers
1,4,2291.19,5,3,5,535,Loyal Customers
94,2,713.3,2,2,3,223,Need Attention
28,1,352.98,4,1,2,412,Potential Loyalists
21,1,177.31,4,1,1,411,New Customers
15,9,3641.24,4,4,5,445,Champions
14,3,1339.41,4,3,4,434,Loyal Customers
1,20,13689.67,5,5,5,555,Champions
231,1,180.1,1,1,1,111,Lost Customers
275,1,305.1,1,1,2,112,Lost Customers
105,2,641.13,2,2,3,223,Need Attention
211,2,2683.82,1,2,5,125,Need Attention
22,9,6620.4800000000005,4,4,5,445,Champions
10,7,4478.53,5,4,5,545,Champions
3,3,786.46,5,3,3,533,Loyal Customers
9,2,1270.88,5,2,4,524,Potential Loyalists
56,1,640.5,3,1,3,313,Need Attention
58,4,2163.98,3,3,5,335,Loyal Customers
89,2,1689.18,2,2,4,224,Need Attention
66,8,6002.9,3,4,5,345,Loyal Customers
32,1,671.69,4,1,3,413,Potential Loyalists
238,1,486.1,1,1,2,112,Lost Customers
23,3,1174.58,4,3,4,434,Loyal Customers
114,1,185.9,2,1,1,211,Lost Customers
24,3,1013.26,4,3,4,434,Loyal Customers
127,6,3344.64,2,4,5,245,At Risk
129,1,477.90999999999997,2,1,2,212,Lost Customers
33,4,1775.18,3,3,4,334,Loyal Customers
4,2,1346.97,5,2,4,524,Potential Loyalists
21,12,3722.82,4,5,5,455,Champions
154,1,318.05,2,1,2,212,Lost Customers
106,3,623.51,2,3,3,233,At Risk
2,1,314.44,5,1,2,512,Potential Loyalists
334,1,114.0,1,1,1,111,Lost Customers
330,1,919.98,1,1,3,113,Need Attention
148,2,2209.85,2,2,5,225,Need Attention
10,5,601.98,5,4,3,543,Loyal Customers
16,5,4051.17,4,4,5,445,Champions
10,4,1643.18,5,3,4,534,Loyal Customers
18,1,686.05,4,1,3,413,Potential Loyalists
29,1,91.68,4,1,1,411,New Customers
10,1,245.10000000000002,5,1,1,511,New Customers
0,11,3849.78,5,5,5,555,Champions
7,9,4881.88,5,4,5,545,Champions
324,1,63.0,1,1,1,111,Lost Customers
57,1,620.13,3,1,3,313,Need Attention
11,4,3807.15,5,3,5,535,Loyal Customers
150,3,2744.0299999999997,2,3,5,235,At Risk
9,5,2996.05,5,4,5,545,Champions
329,1,225.9,1,1,1,111,Lost Customers
4,2,610.52,5,2,3,523,Potential Loyalists
38,4,1970.6,3,3,4,334,Loyal Customers
24,6,1331.39,4,4,4,444,Champions
41,12,17628.46,3,5,5,355,Loyal Customers
58,4,1113.02,3,3,4,334,Loyal Customers
0,4,862.81,5,3,3,533,Loyal Customers
14,22,13787.54,4,5,5,455,Champions
3,31,12279.82,5,5,5,555,Champions
3,15,8476.57,5,5,5,555,Champions
7,7,2283.63,5,4,5,545,Champions
27,6,2863.08,4,4,5,445,Champions
371,1,89.14,1,1,1,111,Lost Customers
113,1,4873.81,2,1,5,215,Need Attention
25,2,1247.6100000000001,4,2,4,424,Potential Loyalists
205,1,389.01,1,1,2,112,Lost Customers
27,6,1035.8,4,4,4,444,Champions
126,4,855.91,2,3,3,233,At Risk
69,2,869.67,3,2,3,323,Need Attention
6,4,582.1,5,3,3,533,Loyal Customers
28,3,957.59,4,3,4,434,Loyal Customers
7,4,4939.99,5,3,5,535,Loyal Customers
79,2,797.71,2,2,3,223,Need Attention
19,1,219.0,4,1,1,411,New Customers
70,1,283.55,3,1,2,312,Need Attention
6,8,2340.84,5,4,5,545,Champions
14,9,6868.29,4,4,5,445,Champions
291,1,603.42,1,1,3,113,Need Attention
29,10,2712.91,4,4,5,445,Champions
14,15,9706.52,4,5,5,455,Champions
96,3,1149.02,2,3,4,234,At Risk
28,13,4396.13,4,5,5,455,Champions
0,1,848.55,5,1,3,513,Potential Loyalists
8,5,4708.86,5,4,5,545,Champions
105,1,343.36,2,1,2,212,Lost Customers
3,2,1053.49,5,2,4,524,Potential Loyalists
150,2,1030.98,2,2,4,224,Need Attention
70,1,238.25,3,1,1,311,Need Attention
4,2,644.95,5,2,3,523,Potential Loyalists
2,25,5781.7300000000005,5,5,5,555,Champions
31,6,2656.13,4,4,5,445,Champions
84,4,997.63,2,3,4,234,At Risk
3,5,725.07,5,4,3,543,Loyal Customers
4,4,1031.41,5,3,4,534,Loyal Customers
370,1,427.8,1,1,2,112,Lost Customers
27,7,2609.1,4,4,5,445,Champions
10,7,3980.7000000000003,5,4,5,545,Champions
70,4,836.33,3,3,3,333,Loyal Customers
113,1,453.01,2,1,2,212,Lost Customers
23,12,18895.91,4,5,5,455,Champions
179,1,236.26000000000002,1,1,1,111,Lost Customers
233,1,383.95,1,1,2,112,Lost Customers
352,1,110.39999999999999,1,1,1,111,Lost Customers
314,2,779.5699999999999,1,2,3,123,Need Attention
332,1,234.0,1,1,1,111,Lost Customers
371,1,155.35,1,1,1,111,Lost Customers
77,2,1013.04,2,2,4,224,Need Attention
63,1,427.6,3,1,2,312,Need Attention
133,2,540.13,2,2,3,223,Need Attention
51,7,21279.29,3,4,5,345,Loyal Customers
1,11,4196.01,5,5,5,555,Champions
0,209,33053.19,5,5,5,555,Champions
3,5,4090.88,5,4,5,545,Champions
128,1,275.88,2,1,2,212,Lost Customers
80,1,4366.78,2,1,5,215,Need Attention
22,6,21429.39,4,4,5,445,Champions
235,3,3010.74,1,3,5,135,At Risk
280,2,3811.9500000000003,1,2,5,125,Need Attention
86,1,112.08,2,1,1,211,Lost Customers
15,13,7834.650000000001,4,5,5,455,Champions
116,2,2791.59,2,2,5,225,Need Attention
51,3,1531.44,3,3,4,334,Loyal Customers
7,2,1898.52,5,2,4,524,Potential Loyalists
137,2,494.08,2,2,3,223,Need Attention
316,1,1693.88,1,1,4,114,Need Attention
3,7,6989.63,5,4,5,545,Champions
238,1,1143.6,1,1,4,114,Need Attention
210,1,1351.45,1,1,4,114,Need Attention
59,1,892.47,3,1,3,313,Need Attention
16,5,1386.04,4,4,4,444,Champions
19,6,822.23,4,4,3,443,Loyal Customers
37,8,3981.36,3,4,5,345,Loyal Customers
63,2,826.74,3,2,3,323,Need Attention
4,5,2330.92,5,4,5,545,Champions
1,6,2225.91,5,4,5,545,Champions
8,2,532.82,5,2,3,523,Potential Loyalists
363,1,311.95,1,1,2,112,Lost Customers
9,3,463.66,5,3,2,532,Need Attention
64,1,91.85,3,1,1,311,Need Attention
191,1,324.92,1,1,2,112,Lost Customers
373,1,192.60000000000002,1,1,1,111,Lost Customers
256,1,400.54,1,1,2,112,Lost Customers
334,2,545.48,1,2,3,123,Need Attention
52,2,860.41,3,2,3,323,Need Attention
18,1,430.48,4,1,2,412,Potential Loyalists
365,1,254.03,1,1,2,112,Lost Customers
9,3,6977.04,5,3,5,535,Loyal Customers
186,1,427.58,1,1,2,112,Lost Customers
36,3,483.65000000000003,3,3,2,332,Need Attention
177,1,489.31,2,1,3,213,Need Attention
260,3,514.85,1,3,3,133,At Risk
44,1,229.64000000000001,3,1,1,311,Need Attention
101,1,125.92,2,1,1,211,Lost Customers
147,2,1063.46,2,2,4,224,Need Attention
95,2,572.2,2,2,3,223,Need Attention
280,1,166.04000000000002,1,1,1,111,Lost Customers
261,1,1542.08,1,1,4,114,Need Attention
2,4,942.34,5,3,4,534,Loyal Customers
213,1,92.72,1,1,1,111,Lost Customers
70,2,948.88,3,2,4,324,Need Attention
74,5,1759.5,2,4,4,244,At Risk
59,1,397.12,3,1,2,312,Need Attention
2,7,1474.72,5,4,4,544,Champions
5,3,430.15,5,3,2,532,Need Attention
2,6,1018.71,5,4,4,544,Champions
336,2,293.0,1,2,2,122,Lost Customers
37,6,6814.64,3,4,5,345,Loyal Customers
261,1,215.05,1,1,1,111,Lost Customers
31,2,383.03000000000003,4,2,2,422,Potential Loyalists
144,1,417.38,2,1,2,212,Lost Customers
282,1,312.38,1,1,2,112,Lost Customers
58,4,2610.36,3,3,5,335,Loyal Customers
172,1,134.1,2,1,1,211,Lost Customers
33,2,671.95,3,2,3,323,Need Attention
2,14,5591.42,5,5,5,555,Champions
143,4,2726.77,2,3,5,235,At Risk
4,25,3991.58,5,5,5,555,Champions
69,2,1118.99,3,2,4,324,Need Attention
65,8,1702.26,3,4,4,344,Loyal Customers
28,2,325.96000000000004,4,2,2,422,Potential Loyalists
266,4,354.09000000000003,1,3,2,132,Need Attention
21,1,843.64,4,1,3,413,Potential Loyalists
30,2,1010.29,4,2,4,424,Potential Loyalists
96,1,131.81,2,1,1,211,Lost Customers
294,1,311.55,1,1,2,112,Lost Customers
134,6,1957.1000000000001,2,4,4,244,At Risk
78,3,1316.25,2,3,4,234,At Risk
372,1,38.1,1,1,1,111,Lost Customers
7,6,2170.78,5,4,5,545,Champions
210,2,1106.4,1,2,4,124,Need Attention
51,1,521.2,3,1,3,313,Need Attention
137,1,147.12,2,1,1,211,Lost Customers
25,2,1568.23,4,2,4,424,Potential Loyalists
282,1,559.12,1,1,3,113,Need Attention
25,7,4009.34,4,4,5,445,Champions
185,6,1607.0600000000002,1,4,4,144,At Risk
83,2,380.64,2,2,2,222,Lost Customers
326,2,599.97,1,2,3,123,Need Attention
281,1,374.0,1,1,2,112,Lost Customers
142,2,343.2300000000001,2,2,2,222,Lost Customers
57,2,2218.02,3,2,5,325,Need Attention
3,12,1535.77,5,5,4,554,Champions
235,2,854.99,1,2,3,123,Need Attention
44,3,573.22,3,3,3,333,Loyal Customers
275,1,298.0,1,1,2,112,Lost Customers
8,2,1463.04,5,2,4,524,Potential Loyalists
24,4,703.47,4,3,3,433,Loyal Customers
87,1,309.05,2,1,2,212,Lost Customers
62,3,1175.22,3,3,4,334,Loyal Customers
67,2,1378.4,3,2,4,324,Need Attention
213,2,354.12,1,2,2,122,Lost Customers
23,1,376.71999999999997,4,1,2,412,Potential Loyalists
185,3,331.0,1,3,2,132,Need Attention
30,1,176.55,4,1,1,411,New Customers
41,2,372.8,3,2,2,322,Need Attention
204,2,216.5,1,2,1,121,Lost Customers
8,28,17654.54,5,5,5,555,Champions
264,1,138.68,1,1,1,111,Lost Customers
17,2,496.06,4,2,3,423,Potential Loyalists
11,5,2919.81,5,4,5,545,Champions
175,2,750.0,2,2,3,223,Need Attention
39,5,2178.67,3,4,5,345,Loyal Customers
22,8,3075.04,4,4,5,445,Champions
2,5,1662.3,5,4,4,544,Champions
4,5,2483.63,5,4,5,545,Champions
148,2,363.65,2,2,2,222,Lost Customers
138,4,2944.95,2,3,5,235,At Risk
127,1,594.0,2,1,3,213,Need Attention
7,6,1335.19,5,4,4,544,Champions
16,1,162.78,4,1,1,411,New Customers
8,37,16587.09,5,5,5,555,Champions
160,1,405.38,2,1,2,212,Lost Customers
63,1,172.82,3,1,1,311,Need Attention
87,4,933.7,2,3,4,234,At Risk
4,2,694.05,5,2,3,523,Potential Loyalists
34,5,2062.7,3,4,5,345,Loyal Customers
311,1,117.85,1,1,1,111,Lost Customers
77,2,415.8,2,2,2,222,Lost Customers
21,15,42055.96,4,5,5,455,Champions
23,3,607.53,4,3,3,433,Loyal Customers
1,7,2160.7,5,4,5,545,Champions
16,4,1063.9,4,3,4,434,Loyal Customers
14,4,1504.27,4,3,4,434,Loyal Customers
25,1,114.14,4,1,1,411,New Customers
63,8,11581.8,3,4,5,345,Loyal Customers
54,2,899.69,3,2,3,323,Need Attention
130,3,675.6,2,3,3,233,At Risk
35,2,604.51,3,2,3,323,Need Attention
287,1,462.95,1,1,2,112,Lost Customers
143,6,1603.99,2,4,4,244,At Risk
15,7,2064.95,4,4,5,445,Champions
30,8,4167.22,4,4,5,445,Champions
1,3,1843.0,5,3,4,534,Loyal Customers
8,6,1064.07,5,4,4,544,Champions
5,4,1387.79,5,3,4,534,Loyal Customers
9,1,329.85,5,1,2,512,Potential Loyalists
0,11,4757.16,5,5,5,555,Champions
305,1,108.07,1,1,1,111,Lost Customers
9,8,4017.54,5,4,5,545,Champions
6,2,266.39,5,2,2,522,Potential Loyalists
7,8,1856.63,5,4,4,544,Champions
88,1,769.8100000000001,2,1,3,213,Need Attention
9,1,160.18,5,1,1,511,New Customers
357,2,1660.9,1,2,4,124,Need Attention
111,1,135.95,2,1,1,211,Lost Customers
6,4,405.47,5,3,2,532,Need Attention
3,86,11189.91,5,5,5,555,Champions
197,1,144.8,1,1,1,111,Lost Customers
211,1,738.6,1,1,3,113,Need Attention
155,1,39.239999999999995,2,1,1,211,Lost Customers
157,9,7374.900000000001,2,4,5,245,At Risk
29,2,372.21999999999997,4,2,2,422,Potential Loyalists
242,1,390.54,1,1,2,112,Lost Customers
18,1,97.5,4,1,1,411,New Customers
0,2,1239.38,5,2,4,524,Potential Loyalists
73,2,558.7,2,2,3,223,Need Attention
291,1,505.82,1,1,3,113,Need Attention
2,15,6924.11,5,5,5,555,Champions
30,3,409.5,4,3,2,432,Need Attention
22,2,503.76,4,2,3,423,Potential Loyalists
22,4,414.76,4,3,2,432,Need Attention
3,3,974.42,5,3,4,534,Loyal Customers
84,1,211.32,2,1,1,211,Lost Customers
21,4,1226.89,4,3,4,434,Loyal Customers
195,3,455.88,1,3,2,132,Need Attention
106,3,534.85,2,3,3,233,At Risk
3,13,9785.970000000001,5,5,5,555,Champions
317,1,120.95,1,1,1,111,Lost Customers
105,3,149.05,2,3,1,231,Need Attention
11,18,5655.91,5,5,5,555,Champions
173,2,513.7,2,2,3,223,Need Attention
55,1,81.57,3,1,1,311,Need Attention
322,1,229.47,1,1,1,111,Lost Customers
371,1,50.550000000000004,1,1,1,111,Lost Customers
8,8,1646.8400000000001,5,4,4,544,Champions
0,13,4810.9400000000005,5,5,5,555,Champions
10,10,3466.28,5,4,5,545,Champions
52,5,3339.64,3,4,5,345,Loyal Customers
72,3,789.89,2,3,3,233,At Risk
6,1,204.0,5,1,1,511,New Customers
15,28,7277.7,4,5,5,455,Champions
3,9,2616.38,5,4,5,545,Champions
63,2,689.9,3,2,3,323,Need Attention
0,5,975.36,5,4,4,544,Champions
113,6,6912.0,2,4,5,245,At Risk
22,2,661.3199999999999,4,2,3,423,Potential Loyalists
30,3,1247.5,4,3,4,434,Loyal Customers
10,2,752.44,5,2,3,523,Potential Loyalists
51,2,1010.1800000000001,3,2,4,324,Need Attention
356,1,190.55,1,1,1,111,Lost Customers
54,2,642.77,3,2,3,323,Need Attention
73,2,921.88,2,2,3,223,Need Attention
137,3,881.07,2,3,3,233,At Risk
79,3,908.46,2,3,3,233,At Risk
8,2,676.99,5,2,3,523,Potential Loyalists
272,1,516.42,1,1,3,113,Need Attention
290,1,560.47,1,1,3,113,Need Attention
98,1,305.28000000000003,2,1,2,212,Lost Customers
30,2,629.31,4,2,3,423,Potential Loyalists
31,10,3237.54,4,4,5,445,Champions
13,4,1819.41,4,3,4,434,Loyal Customers
63,2,656.6800000000001,3,2,3,323,Need Attention
14,17,5836.86,4,5,5,455,Champions
211,1,348.15000000000003,1,1,2,112,Lost Customers
77,3,1214.41,2,3,4,234,At Risk
24,3,271.40000000000003,4,3,2,432,Need Attention
249,1,183.4,1,1,1,111,Lost Customers
253,1,307.53000000000003,1,1,2,112,Lost Customers
71,1,248.61,3,1,1,311,Need Attention
190,1,346.98,1,1,2,112,Lost Customers
12,4,1105.59,5,3,4,534,Loyal Customers
372,1,205.86,1,1,1,111,Lost Customers
23,2,470.8,4,2,2,422,Potential Loyalists
81,1,115.46000000000001,2,1,1,211,Lost Customers
9,2,344.0,5,2,2,522,Potential Loyalists
0,24,4431.44,5,5,5,555,Champions
191,1,228.8,1,1,1,111,Lost Customers
266,1,177.15,1,1,1,111,Lost Customers
129,1,919.61,2,1,3,213,Need Attention
0,4,728.02,5,3,3,533,Loyal Customers
2,26,12627.94,5,5,5,555,Champions
3,5,220.10000000000002,5,4,1,541,Need Attention
178,1,58.08,2,1,1,211,Lost Customers
11,11,28337.38,5,5,5,555,Champions
125,9,3613.63,2,4,5,245,At Risk
3,2,303.75,5,2,2,522,Potential Loyalists
157,2,416.08,2,2,2,222,Lost Customers
2,97,58762.08,5,5,5,555,Champions
8,14,8910.82,5,5,5,555,Champions
27,1,345.82,4,1,2,412,Potential Loyalists
70,5,477.83,3,4,2,342,Need Attention
275,8,7832.47,1,4,5,145,At Risk
20,12,1927.3200000000002,4,5,4,454,Champions
70,1,74.39999999999999,3,1,1,311,Need Attention
32,10,6003.22,4,4,5,445,Champions
0,28,28882.44,5,5,5,555,Champions
98,1,207.36,2,1,1,211,Lost Customers
233,1,101.19,1,1,1,111,Lost Customers
0,24,6424.09,5,5,5,555,Champions
39,1,243.94,3,1,1,311,Need Attention
2,6,1098.48,5,4,4,544,Champions
132,1,76.5,2,1,1,211,Lost Customers
43,4,1531.6200000000001,3,3,4,334,Loyal Customers
372,1,350.06,1,1,2,112,Lost Customers
59,2,786.54,3,2,3,323,Need Attention
30,7,1488.67,4,4,4,444,Champions
0,24,12245.960000000001,5,5,5,555,Champions
11,4,2294.78,5,3,5,535,Loyal Customers
137,1,501.14,2,1,3,213,Need Attention
21,8,984.91,4,4,4,444,Champions
19,5,1197.81,4,4,4,444,Champions
238,1,30.6,1,1,1,111,Lost Customers
268,1,283.73,1,1,2,112,Lost Customers
93,2,922.39,2,2,3,223,Need Attention
89,3,3756.33,2,3,5,235,At Risk
4,8,2099.64,5,4,5,545,Champions
77,1,259.17,2,1,2,212,Lost Customers
93,1,64.0,2,1,1,211,Lost Customers
22,3,1073.3,4,3,4,434,Loyal Customers
261,1,77.3,1,1,1,111,Lost Customers
273,2,109.8,1,2,1,121,Lost Customers
85,4,1793.58,2,3,4,234,At Risk
196,1,3096.0,1,1,5,115,Need Attention
55,5,2607.61,3,4,5,345,Loyal Customers
10,8,3603.29,5,4,5,545,Champions
21,6,962.39,4,4,4,444,Champions
15,7,5064.9400000000005,4,4,5,445,Champions
107,3,422.47,2,3,2,232,Need Attention
84,5,2388.75,2,4,5,245,At Risk
18,1,307.09000000000003,4,1,2,412,Potential Loyalists
332,1,110.95,1,1,1,111,Lost Customers
39,4,618.52,3,3,3,333,Loyal Customers
25,1,228.91,4,1,1,411,New Customers
9,4,712.8,5,3,3,533,Loyal Customers
28,12,3683.26,4,5,5,455,Champions
13,4,1676.06,4,3,4,434,Loyal Customers
295,1,1257.8700000000001,1,1,4,114,Need Attention
5,1,486.22,5,1,2,512,Potential Loyalists
32,4,971.76,4,3,4,434,Loyal Customers
48,4,1741.22,3,3,4,334,Loyal Customers
94,4,1201.06,2,3,4,234,At Risk
8,4,1429.35,5,3,4,534,Loyal Customers
21,1,91.8,4,1,1,411,New Customers
312,1,112.75,1,1,1,111,Lost Customers
121,4,1688.29,2,3,4,234,At Risk
45,2,1021.48,3,2,4,324,Need Attention
282,1,417.2,1,1,2,112,Lost Customers
18,4,791.33,4,3,3,433,Loyal Customers
35,4,1299.59,3,3,4,334,Loyal Customers
63,2,712.88,3,2,3,323,Need Attention
26,1,108.81,4,1,1,411,New Customers
21,3,468.41,4,3,2,432,Need Attention
3,2,353.65000000000003,5,2,2,522,Potential Loyalists
15,3,2742.82,4,3,5,435,Loyal Customers
45,1,481.49,3,1,2,312,Need Attention
64,1,282.45,3,1,2,312,Need Attention
25,11,5725.47,4,5,5,455,Champions
44,1,121.18,3,1,1,311,Need Attention
7,9,3957.78,5,4,5,545,Champions
14,10,1668.95,4,4,4,444,Champions
267,1,71.4,1,1,1,111,Lost Customers
39,3,1575.89,3,3,4,334,Loyal Customers
336,1,236.02,1,1,1,111,Lost Customers
10,1,114.6,5,1,1,511,New Customers
18,2,260.68,4,2,2,422,Potential Loyalists
94,2,911.94,2,2,3,223,Need Attention
60,1,112.08,3,1,1,311,Need Attention
135,1,60.7,2,1,1,211,Lost Customers
10,4,1797.78,5,3,4,534,Loyal Customers
9,6,3401.2400000000002,5,4,5,545,Champions
3,38,9817.12,5,5,5,555,Champions
18,4,870.09,4,3,3,433,Loyal Customers
9,4,869.46,5,3,3,533,Loyal Customers
14,2,250.26000000000002,4,2,2,422,Potential Loyalists
58,6,1217.65,3,4,4,344,Loyal Customers
29,8,5891.61,4,4,5,445,Champions
93,1,353.48,2,1,2,212,Lost Customers
9,3,1095.42,5,3,4,534,Loyal Customers
19,3,786.83,4,3,3,433,Loyal Customers
56,5,1520.58,3,4,4,344,Loyal Customers
267,1,333.74,1,1,2,112,Lost Customers
121,3,533.98,2,3,3,233,At Risk
126,1,62.64,2,1,1,211,Lost Customers
77,4,819.2900000000001,2,3,3,233,At Risk
239,2,847.41,1,2,3,123,Need Attention
199,2,163.2,1,2,1,121,Lost Customers
59,2,2155.95,3,2,5,325,Need Attention
2,7,6463.84,5,4,5,545,Champions
272,1,108.21000000000001,1,1,1,111,Lost Customers
201,1,257.7,1,1,2,112,Lost Customers
80,1,358.0,2,1,2,212,Lost Customers
225,1,160.95,1,1,1,111,Lost Customers
3,14,2755.63,5,5,5,555,Champions
12,7,1328.35,5,4,4,544,Champions
73,2,605.12,2,2,3,223,Need Attention
211,1,1031.07,1,1,4,114,Need Attention
24,2,744.85,4,2,3,423,Potential Loyalists
16,4,700.73,4,3,3,433,Loyal Customers
261,1,329.56,1,1,2,112,Lost Customers
95,4,663.65,2,3,3,233,At Risk
111,3,270.40000000000003,2,3,2,232,Need Attention
202,1,585.12,1,1,3,113,Need Attention
92,1,121.74000000000001,2,1,1,211,Lost Customers
50,1,430.5,3,1,2,312,Need Attention
17,6,1961.52,4,4,4,444,Champions
17,4,501.12,4,3,3,433,Loyal Customers
124,2,465.68,2,2,2,222,Lost Customers
91,3,711.41,2,3,3,233,At Risk
156,2,1030.4,2,2,4,224,Need Attention
8,2,399.51,5,2,2,522,Potential Loyalists
11,3,672.83,5,3,3,533,Loyal Customers
61,1,283.18,3,1,2,312,Need Attention
60,1,557.62,3,1,3,313,Need Attention
268,2,944.1,1,2,4,124,Need Attention
262,1,200.29,1,1,1,111,Lost Customers
0,35,7436.93,5,5,5,555,Champions
52,5,2092.66,3,4,5,345,Loyal Customers
10,12,3834.2599999999998,5,5,5,555,Champions
2,19,4521.49,5,5,5,555,Champions
17,11,3174.75,4,5,5,455,Champions
0,15,5343.28,5,5,5,555,Champions
365,1,590.0,1,1,3,113,Need Attention
36,1,211.49,3,1,1,311,Need Attention
30,2,276.56,4,2,2,422,Potential Loyalists
112,1,138.98,2,1,1,211,Lost Customers
63,2,590.9300000000001,3,2,3,323,Need Attention
15,4,258.4,4,3,2,432,Need Attention
40,1,542.73,3,1,3,313,Need Attention
77,1,137.75,2,1,1,211,Lost Customers
121,3,798.46,2,3,3,233,At Risk
17,3,1132.14,4,3,4,434,Loyal Customers
59,2,93.66,3,2,1,321,Need Attention
330,1,201.19,1,1,1,111,Lost Customers
22,4,2709.12,4,3,5,435,Loyal Customers
155,1,361.11,2,1,2,212,Lost Customers
38,2,578.94,3,2,3,323,Need Attention
189,2,873.74,1,2,3,123,Need Attention
359,1,201.20000000000002,1,1,1,111,Lost Customers
136,1,87.4,2,1,1,211,Lost Customers
7,4,2089.85,5,3,5,535,Loyal Customers
0,1,360.0,5,1,2,512,Potential Loyalists
267,1,142.5,1,1,1,111,Lost Customers
168,1,371.89,2,1,2,212,Lost Customers
103,4,618.09,2,3,3,233,At Risk
154,1,63.75,2,1,1,211,Lost Customers
350,1,300.42,1,1,2,112,Lost Customers
3,10,2000.86,5,4,4,544,Champions
119,1,15.0,2,1,1,211,Lost Customers
22,3,1385.51,4,3,4,434,Loyal Customers
6,5,1456.79,5,4,4,544,Champions
27,3,1132.03,4,3,4,434,Loyal Customers
3,2,598.57,5,2,3,523,Potential Loyalists
21,5,1555.3200000000002,4,4,4,444,Champions
1,3,775.94,5,3,3,533,Loyal Customers
36,4,5732.93,3,3,5,335,Loyal Customers
65,6,2273.68,3,4,5,345,Loyal Customers
0,3,640.76,5,3,3,533,Loyal Customers
4,26,10845.550000000001,5,5,5,555,Champions
77,4,1532.2,2,3,4,234,At Risk
71,2,567.36,3,2,3,323,Need Attention
16,1,199.48000000000002,4,1,1,411,New Customers
2,5,787.85,5,4,3,543,Loyal Customers
35,10,7121.95,3,4,5,345,Loyal Customers
81,1,675.3,2,1,3,213,Need Attention
38,8,3627.77,3,4,5,345,Loyal Customers
315,1,1308.48,1,1,4,114,Need Attention
31,2,789.0,4,2,3,423,Potential Loyalists
92,3,1140.93,2,3,4,234,At Risk
13,1,350.90000000000003,4,1,2,412,Potential Loyalists
81,3,3502.32,2,3,5,235,At Risk
76,1,795.12,2,1,3,213,Need Attention
157,1,487.02,2,1,2,212,Lost Customers
200,1,860.12,1,1,3,113,Need Attention
44,7,10736.48,3,4,5,345,Loyal Customers
260,1,775.85,1,1,3,113,Need Attention
177,1,353.43,2,1,2,212,Lost Customers
67,3,2511.69,3,3,5,335,Loyal Customers
287,1,389.5,1,1,2,112,Lost Customers
69,1,341.36,3,1,2,312,Need Attention
63,1,233.76000000000002,3,1,1,311,Need Attention
10,1,247.32,5,1,1,511,New Customers
15,2,979.12,4,2,4,424,Potential Loyalists
65,1,373.94,3,1,2,312,Need Attention
59,1,397.98,3,1,2,312,Need Attention
70,1,743.53,3,1,3,313,Need Attention
121,1,674.7,2,1,3,213,Need Attention
79,1,768.24,2,1,3,213,Need Attention
256,1,609.4,1,1,3,113,Need Attention
268,1,439.03000000000003,1,1,2,112,Lost Customers
63,1,439.56,3,1,2,312,Need Attention
8,4,3090.7400000000002,5,3,5,535,Loyal Customers
17,2,992.5,4,2,4,424,Potential Loyalists
70,1,134.96,3,1,1,311,Need Attention
33,2,2225.37,3,2,5,325,Need Attention
49,1,56.16,3,1,1,311,Need Attention
256,2,623.4,1,2,3,123,Need Attention
365,1,308.28000000000003,1,1,2,112,Lost Customers
371,1,754.87,1,1,3,113,Need Attention
89,1,378.64,2,1,2,212,Lost Customers
60,3,3312.25,3,3,5,335,Loyal Customers
88,1,778.65,2,1,3,213,Need Attention
98,3,1019.76,2,3,4,234,At Risk
25,3,572.56,4,3,3,433,Loyal Customers
31,6,3639.31,4,4,5,445,Champions
280,1,222.99,1,1,1,111,Lost Customers
30,7,4151.93,4,4,5,445,Champions
329,1,534.57,1,1,3,113,Need Attention
130,2,677.1,2,2,3,223,Need Attention
10,3,797.96,5,3,3,533,Loyal Customers
74,1,544.08,2,1,3,213,Need Attention
203,1,59.8,1,1,1,111,Lost Customers
1,8,2520.02,5,4,5,545,Champions
184,1,307.72,1,1,2,112,Lost Customers
28,2,1360.99,4,2,4,424,Potential Loyalists
72,5,1544.13,2,4,4,244,At Risk
191,1,457.34000000000003,1,1,2,112,Lost Customers
126,2,621.23,2,2,3,223,Need Attention
17,1,75.0,4,1,1,411,New Customers
0,2,252.49,5,2,2,522,Potential Loyalists
73,3,572.451,2,3,3,233,At Risk
1,62,28117.04,5,5,5,555,Champions
23,5,1003.06,4,4,4,444,Champions
106,1,213.55,2,1,1,211,Lost Customers
133,3,1390.5,2,3,4,234,At Risk
43,2,712.5,3,2,3,323,Need Attention
4,2,640.83,5,2,3,523,Potential Loyalists
11,18,6127.43,5,5,5,555,Champions
63,1,221.06,3,1,1,311,Need Attention
149,2,159.85,2,2,1,221,Lost Customers
39,2,1833.71,3,2,4,324,Need Attention
63,1,2626.3,3,1,5,315,Need Attention
107,3,1624.21,2,3,4,234,At Risk
0,10,3641.32,5,4,5,545,Champions
18,3,582.6,4,3,3,433,Loyal Customers
9,1,201.78,5,1,1,511,New Customers
10,4,1006.8,5,3,4,534,Loyal Customers
18,2,679.45,4,2,3,423,Potential Loyalists
66,2,1269.1,3,2,4,324,Need Attention
73,2,534.24,2,2,3,223,Need Attention
4,7,3809.89,5,4,5,545,Champions
1,1,196.89,5,1,1,511,New Customers
13,7,3408.06,4,4,5,445,Champions
254,1,283.71,1,1,2,112,Lost Customers
91,1,296.64,2,1,2,212,Lost Customers
22,3,1129.14,4,3,4,434,Loyal Customers
16,6,3534.69,4,4,5,445,Champions
23,1,291.88,4,1,2,412,Potential Loyalists
26,6,2043.72,4,4,4,444,Champions
25,5,2898.2599999999998,4,4,5,445,Champions
258,2,590.0,1,2,3,123,Need Attention
165,2,356.98,2,2,2,222,Lost Customers
24,2,1058.34,4,2,4,424,Potential Loyalists
17,6,1766.72,4,4,4,444,Champions
6,14,9646.57,5,5,5,555,Champions
28,2,183.44,4,2,1,421,Need Attention
38,3,1445.0,3,3,4,334,Loyal Customers
252,1,151.5,1,1,1,111,Lost Customers
57,1,674.68,3,1,3,313,Need Attention
183,1,307.90000000000003,1,1,2,112,Lost Customers
10,2,1071.91,5,2,4,524,Potential Loyalists
1,37,5704.97,5,5,5,555,Champions
98,2,165.0,2,2,1,221,Lost Customers
0,4,2501.84,5,3,5,535,Loyal Customers
60,2,422.64,3,2,2,322,Need Attention
235,1,226.84,1,1,1,111,Lost Customers
190,4,1431.78,1,3,4,134,At Risk
178,2,1238.47,2,2,4,224,Need Attention
37,6,1454.58,3,4,4,344,Loyal Customers
200,2,300.95,1,2,2,122,Lost Customers
45,5,1804.56,3,4,4,344,Loyal Customers
231,1,184.64000000000001,1,1,1,111,Lost Customers
65,1,140.34,3,1,1,311,Need Attention
240,1,313.8,1,1,2,112,Lost Customers
232,1,454.24,1,1,2,112,Lost Customers
77,3,1122.41,2,3,4,234,At Risk
57,3,575.4,3,3,3,333,Loyal Customers
16,13,8968.31,4,5,5,455,Champions
104,4,449.52,2,3,2,232,Need Attention
51,10,1215.82,3,4,4,344,Loyal Customers
135,3,1269.84,2,3,4,234,At Risk
274,2,618.63,1,2,3,123,Need Attention
311,1,316.26000000000005,1,1,2,112,Lost Customers
7,5,2044.8700000000001,5,4,4,544,Champions
10,2,653.33,5,2,3,523,Potential Loyalists
282,2,348.05,1,2,2,122,Lost Customers
17,5,1159.1100000000001,4,4,4,444,Champions
22,3,1166.77,4,3,4,434,Loyal Customers
287,1,1340.32,1,1,4,114,Need Attention
16,3,292.0,4,3,2,432,Need Attention
70,1,216.85,3,1,1,311,Need Attention
63,1,295.93,3,1,2,312,Need Attention
72,4,4393.63,2,3,5,235,At Risk
315,2,458.52,1,2,2,122,Lost Customers
2,4,2479.16,5,3,5,535,Loyal Customers
243,1,110.97,1,1,1,111,Lost Customers
8,7,979.72,5,4,4,544,Champions
0,4,1791.56,5,3,4,534,Loyal Customers
260,1,251.21,1,1,2,112,Lost Customers
126,1,205.1,2,1,1,211,Lost Customers
73,1,152.20000000000002,2,1,1,211,Lost Customers
72,4,891.12,2,3,3,233,At Risk
20,3,1389.41,4,3,4,434,Loyal Customers
59,3,2128.42,3,3,5,335,Loyal Customers
85,1,627.16,2,1,3,213,Need Attention
77,1,122.75,2,1,1,211,Lost Customers
58,6,3624.35,3,4,5,345,Loyal Customers
0,3,1071.73,5,3,4,534,Loyal Customers
29,1,125.80000000000001,4,1,1,411,New Customers
32,5,3964.88,4,4,5,445,Champions
40,5,680.1800000000001,3,4,3,343,Loyal Customers
14,2,628.78,4,2,3,423,Potential Loyalists
33,7,2242.36,3,4,5,345,Loyal Customers
78,2,307.76,2,2,2,222,Lost Customers
204,2,483.8,1,2,2,122,Lost Customers
33,1,210.31,3,1,1,311,Need Attention
182,3,269.09,1,3,2,132,Need Attention
1,25,5870.08,5,5,5,555,Champions
0,7,3444.39,5,4,5,545,Champions
42,7,1280.85,3,4,4,344,Loyal Customers
85,3,631.34,2,3,3,233,At Risk
39,2,276.06,3,2,2,322,Need Attention
11,3,621.09,5,3,3,533,Loyal Customers
95,2,678.16,2,2,3,223,Need Attention
25,7,918.2,4,4,3,443,Loyal Customers
318,1,91.80000000000001,1,1,1,111,Lost Customers
65,12,3740.07,3,5,5,355,Loyal Customers
73,4,4098.88,2,3,5,235,At Risk
27,2,584.0600000000001,4,2,3,423,Potential Loyalists
5,4,594.52,5,3,3,533,Loyal Customers
6,1,171.42000000000002,5,1,1,511,New Customers
215,1,141.85999999999999,1,1,1,111,Lost Customers
81,3,1799.3300000000002,2,3,4,234,At Risk
83,2,777.53,2,2,3,223,Need Attention
143,3,1724.67,2,3,4,234,At Risk
18,2,240.22,4,2,1,421,Need Attention
40,2,856.84,3,2,3,323,Need Attention
172,1,187.05,2,1,1,211,Lost Customers
16,2,338.62,4,2,2,422,Potential Loyalists
242,1,239.49,1,1,1,111,Lost Customers
12,12,2088.94,5,5,5,555,Champions
205,1,1384.25,1,1,4,114,Need Attention
49,2,290.25,3,2,2,322,Need Attention
22,5,732.07,4,4,3,443,Loyal Customers
9,18,6717.34,5,5,5,555,Champions
24,4,1687.6000000000001,4,3,4,434,Loyal Customers
14,2,467.04,4,2,2,422,Potential Loyalists
308,1,118.0,1,1,1,111,Lost Customers
155,1,781.03,2,1,3,213,Need Attention
306,1,142.4,1,1,1,111,Lost Customers
63,1,712.4,3,1,3,313,Need Attention
15,9,2478.95,4,4,5,445,Champions
14,2,379.65,4,2,2,422,Potential Loyalists
10,6,1981.92,5,4,4,544,Champions
64,3,1117.13,3,3,4,334,Loyal Customers
35,4,247.95999999999998,3,3,1,331,Need Attention
107,5,2011.88,2,4,4,244,At Risk
52,1,396.97,3,1,2,312,Need Attention
5,2,664.11,5,2,3,523,Potential Loyalists
46,1,160.04,3,1,1,311,Need Attention
0,21,5149.92,5,5,5,555,Champions
311,1,219.52,1,1,1,111,Lost Customers
44,2,693.32,3,2,3,323,Need Attention
64,1,428.89,3,1,2,312,Need Attention
25,1,164.34,4,1,1,411,New Customers
28,3,276.75,4,3,2,432,Need Attention
39,1,675.51,3,1,3,313,Need Attention
11,7,1082.33,5,4,4,544,Champions
88,3,1154.4,2,3,4,234,At Risk
23,4,1585.46,4,3,4,434,Loyal Customers
318,1,417.69,1,1,2,112,Lost Customers
39,3,544.18,3,3,3,333,Loyal Customers
173,1,177.34,2,1,1,211,Lost Customers
116,1,213.85,2,1,1,211,Lost Customers
30,5,727.74,4,4,3,443,Loyal Customers
252,1,257.23,1,1,2,112,Lost Customers
58,5,1638.47,3,4,4,344,Loyal Customers
22,11,7792.36,4,5,5,455,Champions
4,7,2031.78,5,4,4,544,Champions
99,11,3070.42,2,5,5,255,At Risk
24,5,2118.93,4,4,5,445,Champions
32,5,1547.3600000000001,4,4,4,444,Champions
67,1,1071.03,3,1,4,314,Need Attention
36,5,949.12,3,4,4,344,Loyal Customers
51,3,804.3,3,3,3,333,Loyal Customers
15,1,122.64,4,1,1,411,New Customers
73,1,1033.34,2,1,4,214,Need Attention
215,1,312.28,1,1,2,112,Lost Customers
30,3,519.44,4,3,3,433,Loyal Customers
15,4,2624.26,4,3,5,435,Loyal Customers
119,1,252.1,2,1,2,212,Lost Customers
9,4,1648.1200000000001,5,3,4,534,Loyal Customers
256,2,346.6,1,2,2,122,Lost Customers
16,6,1836.3400000000001,4,4,4,444,Champions
34,2,94.2,3,2,1,321,Need Attention
45,3,1095.08,3,3,4,334,Loyal Customers
42,6,2707.33,3,4,5,345,Loyal Customers
113,2,932.97,2,2,3,223,Need Attention
164,2,379.65,2,2,2,222,Lost Customers
10,2,382.14,5,2,2,522,Potential Loyalists
9,5,2639.17,5,4,5,545,Champions
205,2,1563.0,1,2,4,124,Need Attention
85,3,881.26,2,3,3,233,At Risk
178,1,189.47,2,1,1,211,Lost Customers
59,3,84.65,3,3,1,331,Need Attention
148,1,299.05,2,1,2,212,Lost Customers
2,21,6309.83,5,5,5,555,Champions
50,2,218.55,3,2,1,321,Need Attention
74,1,349.7,2,1,2,212,Lost Customers
300,2,186.39000000000001,1,2,1,121,Lost Customers
18,2,387.44,4,2,2,422,Potential Loyalists
150,2,486.82000000000005,2,2,2,222,Lost Customers
151,1,232.6,2,1,1,211,Lost Customers
0,4,3719.12,5,3,5,535,Loyal Customers
17,4,827.83,4,3,3,433,Loyal Customers
186,1,59.5,1,1,1,111,Lost Customers
285,1,65.13,1,1,1,111,Lost Customers
2,7,3119.44,5,4,5,545,Champions
182,1,72.0,1,1,1,111,Lost Customers
62,1,910.0,3,1,3,313,Need Attention
58,1,172.25,3,1,1,311,Need Attention
24,3,1488.32,4,3,4,434,Loyal Customers
3,50,65039.62,5,5,5,555,Champions
30,15,2504.13,4,5,5,455,Champions
38,1,151.3,3,1,1,311,Need Attention
154,1,308.58000000000004,2,1,2,212,Lost Customers
25,10,2248.63,4,4,5,445,Champions
317,1,99.5,1,1,1,111,Lost Customers
4,9,2308.06,5,4,5,545,Champions
7,3,711.86,5,3,3,533,Loyal Customers
302,1,330.79,1,1,2,112,Lost Customers
266,2,806.41,1,2,3,123,Need Attention
270,1,285.33,1,1,2,112,Lost Customers
3,13,6307.650000000001,5,5,5,555,Champions
31,1,180.48,4,1,1,411,New Customers
218,2,252.06,1,2,2,122,Lost Customers
246,1,228.84,1,1,1,111,Lost Customers
280,5,1077.39,1,4,4,144,At Risk
268,1,138.28,1,1,1,111,Lost Customers
31,6,1445.01,4,4,4,444,Champions
245,2,306.55,1,2,2,122,Lost Customers
14,5,1041.68,4,4,4,444,Champions
116,4,799.9,2,3,3,233,At Risk
35,1,524.14,3,1,3,313,Need Attention
131,3,2375.41,2,3,5,235,At Risk
216,1,199.85000000000002,1,1,1,111,Lost Customers
49,8,1980.56,3,4,4,344,Loyal Customers
38,2,1079.66,3,2,4,324,Need Attention
28,2,333.48,4,2,2,422,Potential Loyalists
36,6,1016.14,3,4,4,344,Loyal Customers
135,2,752.6,2,2,3,223,Need Attention
218,2,610.59,1,2,3,123,Need Attention
27,1,491.86,4,1,3,413,Potential Loyalists
24,4,2883.54,4,3,5,435,Loyal Customers
4,2,729.8,5,2,3,523,Potential Loyalists
199,1,339.6,1,1,2,112,Lost Customers
17,1,216.9,4,1,1,411,New Customers
240,1,350.75,1,1,2,112,Lost Customers
71,3,668.4300000000001,3,3,3,333,Loyal Customers
16,12,3107.87,4,5,5,455,Champions
2,7,1341.6,5,4,4,544,Champions
94,2,1080.52,2,2,4,224,Need Attention
161,1,300.04,2,1,2,212,Lost Customers
373,1,79.6,1,1,1,111,Lost Customers
95,5,948.25,2,4,4,244,At Risk
53,5,1647.26,3,4,4,344,Loyal Customers
287,1,296.25,1,1,2,112,Lost Customers
123,6,1175.38,2,4,4,244,At Risk
287,1,741.26,1,1,3,113,Need Attention
151,2,282.6,2,2,2,222,Lost Customers
3,9,2108.06,5,4,5,545,Champions
1,14,5189.52,5,5,5,555,Champions
11,7,3190.55,5,4,5,545,Champions
32,2,659.4100000000001,4,2,3,423,Potential Loyalists
53,2,286.79,3,2,2,322,Need Attention
49,2,1070.65,3,2,4,324,Need Attention
218,1,306.72,1,1,2,112,Lost Customers
62,1,1714.96,3,1,4,314,Need Attention
70,3,1519.42,3,3,4,334,Loyal Customers
1,37,17220.36,5,5,5,555,Champions
1,10,2796.51,5,4,5,545,Champions
63,4,2634.45,3,3,5,335,Loyal Customers
33,3,1122.63,3,3,4,334,Loyal Customers
81,1,345.0,2,1,2,212,Lost Customers
0,33,25977.16,5,5,5,555,Champions
102,1,178.7,2,1,1,211,Lost Customers
6,2,360.01,5,2,2,522,Potential Loyalists
250,1,127.84,1,1,1,111,Lost Customers
12,6,908.86,5,4,3,543,Loyal Customers
9,11,2462.79,5,5,5,555,Champions
366,1,230.4,1,1,1,111,Lost Customers
75,2,309.04,2,2,2,222,Lost Customers
3,1,348.79999999999995,5,1,2,512,Potential Loyalists
127,2,1516.0,2,2,4,224,Need Attention
65,2,195.55,3,2,1,321,Need Attention
0,57,37153.85,5,5,5,555,Champions
116,2,688.86,2,2,3,223,Need Attention
309,1,558.32,1,1,3,113,Need Attention
66,1,324.8,3,1,2,312,Need Attention
138,3,4599.42,2,3,5,235,At Risk
254,1,277.07,1,1,2,112,Lost Customers
30,7,2588.39,4,4,5,445,Champions
51,2,924.5999999999999,3,2,3,323,Need Attention
63,1,256.38,3,1,2,312,Need Attention
366,1,112.6,1,1,1,111,Lost Customers
5,5,1747.66,5,4,4,544,Champions
304,1,155.05,1,1,1,111,Lost Customers
28,3,1499.01,4,3,4,434,Loyal Customers
183,3,814.5,1,3,3,133,At Risk
41,3,539.0,3,3,3,333,Loyal Customers
39,4,1366.8600000000001,3,3,4,334,Loyal Customers
91,2,1579.12,2,2,4,224,Need Attention
21,4,4027.36,4,3,5,435,Loyal Customers
23,2,571.6700000000001,4,2,3,423,Potential Loyalists
28,2,382.98,4,2,2,422,Potential Loyalists
301,3,1140.35,1,3,4,134,At Risk
144,2,385.64,2,2,2,222,Lost Customers
5,2,632.0,5,2,3,523,Potential Loyalists
18,2,957.66,4,2,4,424,Potential Loyalists
32,5,1698.94,4,4,4,444,Champions
175,1,189.5,2,1,1,211,Lost Customers
57,3,409.8,3,3,2,332,Need Attention
21,1,209.49,4,1,1,411,New Customers
15,6,2198.45,4,4,5,445,Champions
18,1,52.2,4,1,1,411,New Customers
158,1,383.85,2,1,2,212,Lost Customers
24,4,834.57,4,3,3,433,Loyal Customers
211,2,266.59000000000003,1,2,2,122,Lost Customers
5,4,674.82,5,3,3,533,Loyal Customers
252,1,85.0,1,1,1,111,Lost Customers
58,9,3385.62,3,4,5,345,Loyal Customers
10,1,361.62,5,1,2,512,Potential Loyalists
64,1,312.98,3,1,2,312,Need Attention
24,3,865.0600000000001,4,3,3,433,Loyal Customers
91,3,1255.0,2,3,4,234,At Risk
51,2,1537.95,3,2,4,324,Need Attention
128,1,1595.48,2,1,4,214,Need Attention
95,3,2651.46,2,3,5,235,At Risk
56,1,1090.1399999999999,3,1,4,314,Need Attention
8,25,8109.5199999999995,5,5,5,555,Champions
168,3,388.5,2,3,2,232,Need Attention
56,1,216.17000000000002,3,1,1,311,Need Attention
325,1,201.16,1,1,1,111,Lost Customers
0,5,1245.9,5,4,4,544,Champions
17,8,2209.36,4,4,5,445,Champions
247,1,305.78,1,1,2,112,Lost Customers
57,4,501.56,3,3,3,333,Loyal Customers
73,1,145.67,2,1,1,211,Lost Customers
30,3,1005.09,4,3,4,434,Loyal Customers
6,2,3192.54,5,2,5,525,Potential Loyalists
122,4,3083.65,2,3,5,235,At Risk
1,8,2770.94,5,4,5,545,Champions
22,13,6403.25,4,5,5,455,Champions
119,3,389.6,2,3,2,232,Need Attention
357,1,540.45,1,1,3,113,Need Attention
53,5,1786.79,3,4,4,344,Loyal Customers
63,1,122.7,3,1,1,311,Need Attention
85,1,117.24,2,1,1,211,Lost Customers
54,1,1271.57,3,1,4,314,Need Attention
20,13,3219.77,4,5,5,455,Champions
3,20,17159.52,5,5,5,555,Champions
2,5,1191.13,5,4,4,544,Champions
10,5,2674.48,5,4,5,545,Champions
6,5,787.6,5,4,3,543,Loyal Customers
188,2,506.8,1,2,3,123,Need Attention
70,1,243.56,3,1,1,311,Need Attention
203,1,349.55,1,1,2,112,Lost Customers
119,2,595.67,2,2,3,223,Need Attention
92,1,416.90000000000003,2,1,2,212,Lost Customers
0,10,1883.81,5,4,4,544,Champions
26,4,632.97,4,3,3,433,Loyal Customers
297,1,821.1,1,1,3,113,Need Attention
23,3,564.62,4,3,3,433,Loyal Customers
27,4,2593.07,4,3,5,435,Loyal Customers
49,1,311.16,3,1,2,312,Need Attention
325,1,155.93,1,1,1,111,Lost Customers
15,2,388.52,4,2,2,422,Potential Loyalists
182,3,740.95,1,3,3,133,At Risk
71,5,2867.2000000000003,3,4,5,345,Loyal Customers
36,2,332.64,3,2,2,322,Need Attention
79,4,2369.55,2,3,5,235,At Risk
56,9,2580.91,3,4,5,345,Loyal Customers
11,2,626.45,5,2,3,523,Potential Loyalists
49,2,272.04,3,2,2,322,Need Attention
49,2,1212.8400000000001,3,2,4,324,Need Attention
58,2,384.81,3,2,2,322,Need Attention
351,1,172.25,1,1,1,111,Lost Customers
53,1,351.13,3,1,2,312,Need Attention
1,6,1838.8500000000001,5,4,4,544,Champions
92,4,678.25,2,3,3,233,At Risk
22,1,223.85000000000002,4,1,1,411,New Customers
74,1,348.99,2,1,2,212,Lost Customers
10,4,464.57,5,3,2,532,Need Attention
168,2,842.65,2,2,3,223,Need Attention
57,2,337.34,3,2,2,322,Need Attention
95,2,1237.53,2,2,4,224,Need Attention
294,1,307.4,1,1,2,112,Lost Customers
108,2,608.79,2,2,3,223,Need Attention
263,1,922.1,1,1,3,113,Need Attention
179,1,376.58,1,1,2,112,Lost Customers
168,1,158.85,2,1,1,211,Lost Customers
34,1,71.66,3,1,1,311,Need Attention
22,3,568.55,4,3,3,433,Loyal Customers
16,4,839.14,4,3,3,433,Loyal Customers
21,5,5112.96,4,4,5,445,Champions
78,3,561.57,2,3,3,233,At Risk
64,1,90.60000000000001,3,1,1,311,Need Attention
360,1,102.0,1,1,1,111,Lost Customers
2,6,2427.32,5,4,5,545,Champions
10,4,745.0600000000001,5,3,3,533,Loyal Customers
175,3,674.45,2,3,3,233,At Risk
217,2,3251.071,1,2,5,125,Need Attention
6,7,3515.68,5,4,5,545,Champions
1,2,439.92,5,2,2,522,Potential Loyalists
153,2,322.96,2,2,2,222,Lost Customers
4,5,1019.27,5,4,4,544,Champions
78,3,594.04,2,3,3,233,At Risk
20,2,230.22,4,2,1,421,Need Attention
21,2,169.54999999999998,4,2,1,421,Need Attention
307,4,664.54,1,3,3,133,At Risk
145,1,80.7,2,1,1,211,Lost Customers
6,18,9024.17,5,5,5,555,Champions
18,8,2758.26,4,4,5,445,Champions
70,2,190.25,3,2,1,321,Need Attention
286,1,264.7,1,1,2,112,Lost Customers
48,1,413.59000000000003,3,1,2,312,Need Attention
30,6,2461.2400000000002,4,4,5,445,Champions
206,1,357.98,1,1,2,112,Lost Customers
14,2,196.79,4,2,1,421,Need Attention
72,1,869.87,2,1,3,213,Need Attention
59,1,200.14,3,1,1,311,Need Attention
38,4,1871.81,3,3,4,334,Loyal Customers
29,12,2603.43,4,5,5,455,Champions
26,5,920.51,4,4,3,443,Loyal Customers
3,15,7060.13,5,5,5,555,Champions
16,1,320.46,4,1,2,412,Potential Loyalists
19,6,4147.96,4,4,5,445,Champions
65,2,1266.08,3,2,4,324,Need Attention
212,1,311.3,1,1,2,112,Lost Customers
11,6,852.88,5,4,3,543,Loyal Customers
29,1,76.8,4,1,1,411,New Customers
42,9,3466.36,3,4,5,345,Loyal Customers
3,6,2274.14,5,4,5,545,Champions
14,5,1393.69,4,4,4,444,Champions
9,12,3901.81,5,5,5,555,Champions
210,1,635.66,1,1,3,113,Need Attention
45,3,2043.0800000000002,3,3,4,334,Loyal Customers
133,2,529.73,2,2,3,223,Need Attention
42,7,4582.64,3,4,5,345,Loyal Customers
9,5,2874.72,5,4,5,545,Champions
115,3,962.19,2,3,4,234,At Risk
197,2,695.61,1,2,3,123,Need Attention
277,1,328.8,1,1,2,112,Lost Customers
109,3,473.02,2,3,2,232,Need Attention
76,1,505.18,2,1,3,213,Need Attention
52,1,917.34,3,1,3,313,Need Attention
161,4,4341.21,2,3,5,235,At Risk
46,3,1421.6100000000001,3,3,4,334,Loyal Customers
16,2,642.8,4,2,3,423,Potential Loyalists
154,3,631.9,2,3,3,233,At Risk
224,1,440.0,1,1,2,112,Lost Customers
6,2,584.07,5,2,3,523,Potential Loyalists
121,2,327.7,2,2,2,222,Lost Customers
60,1,104.82,3,1,1,311,Need Attention
62,2,467.66,3,2,2,322,Need Attention
17,8,2358.84,4,4,5,445,Champions
6,19,17286.86,5,5,5,555,Champions
1,11,2975.59,5,5,5,555,Champions
21,3,648.89,4,3,3,433,Loyal Customers
28,5,1428.02,4,4,4,444,Champions
284,1,626.65,1,1,3,113,Need Attention
175,2,147.20000000000002,2,2,1,221,Lost Customers
77,3,1560.38,2,3,4,234,At Risk
32,1,152.2,4,1,1,411,New Customers
40,12,3560.32,3,5,5,355,Loyal Customers
265,1,141.41,1,1,1,111,Lost Customers
26,4,646.42,4,3,3,433,Loyal Customers
108,4,1659.75,2,3,4,234,At Risk
283,1,154.99,1,1,1,111,Lost Customers
8,5,1308.6100000000001,5,4,4,544,Champions
304,1,409.93,1,1,2,112,Lost Customers
16,4,5578.72,4,3,5,435,Loyal Customers
31,2,746.36,4,2,3,423,Potential Loyalists
0,23,15610.390000000001,5,5,5,555,Champions
19,1,225.35999999999999,4,1,1,411,New Customers
123,2,260.25,2,2,2,222,Lost Customers
64,1,92.46000000000001,3,1,1,311,Need Attention
105,1,725.6400000000001,2,1,3,213,Need Attention
0,23,8152.71,5,5,5,555,Champions
23,17,6211.66,4,5,5,455,Champions
266,1,183.6,1,1,1,111,Lost Customers
4,19,6140.42,5,5,5,555,Champions
9,12,10464.85,5,5,5,555,Champions
28,5,1334.34,4,4,4,444,Champions
266,1,152.55,1,1,1,111,Lost Customers
63,2,374.7,3,2,2,322,Need Attention
319,1,265.85,1,1,2,112,Lost Customers
3,8,1437.57,5,4,4,544,Champions
31,1,151.04,4,1,1,411,New Customers
4,3,942.26,5,3,4,534,Loyal Customers
128,1,118.67,2,1,1,211,Lost Customers
40,5,499.42,3,4,3,343,Loyal Customers
101,6,1049.37,2,4,4,244,At Risk
124,1,375.1,2,1,2,212,Lost Customers
32,1,45.599999999999994,4,1,1,411,New Customers
301,2,921.62,1,2,3,123,Need Attention
364,1,182.25,1,1,1,111,Lost Customers
3,9,1002.9,5,4,4,544,Champions
1,18,4421.29,5,5,5,555,Champions
2,1,191.47,5,1,1,511,New Customers
9,13,50491.81,5,5,5,555,Champions
56,1,158.75,3,1,1,311,Need Attention
324,1,76.32000000000001,1,1,1,111,Lost Customers
7,14,4076.9100000000003,5,5,5,555,Champions
11,1,433.86,5,1,2,512,Potential Loyalists
3,17,65164.79,5,5,5,555,Champions
36,1,147.35,3,1,1,311,Need Attention
15,11,3104.17,4,5,5,455,Champions
137,1,191.95,2,1,1,211,Lost Customers
73,6,5976.79,2,4,5,245,At Risk
4,5,1105.8799999999999,5,4,4,544,Champions
154,2,216.21,2,2,1,221,Lost Customers
238,1,1266.23,1,1,4,114,Need Attention
51,7,2703.23,3,4,5,345,Loyal Customers
30,2,597.91,4,2,3,423,Potential Loyalists
72,1,144.2,2,1,1,211,Lost Customers
3,12,5683.15,5,5,5,555,Champions
13,4,692.85,4,3,3,433,Loyal Customers
22,7,2915.15,4,4,5,445,Champions
3,4,1840.42,5,3,4,534,Loyal Customers
273,2,386.53,1,2,2,122,Lost Customers
19,5,1382.74,4,4,4,444,Champions
143,1,90.0,2,1,1,211,Lost Customers
3,4,2780.15,5,3,5,535,Loyal Customers
83,1,419.58,2,1,2,212,Lost Customers
10,3,2720.63,5,3,5,535,Loyal Customers
7,3,706.1300000000001,5,3,3,533,Loyal Customers
122,3,709.71,2,3,3,233,At Risk
60,2,637.5,3,2,3,323,Need Attention
1,5,1123.8600000000001,5,4,4,544,Champions
318,1,480.91,1,1,2,112,Lost Customers
1,11,3586.03,5,5,5,555,Champions
129,3,605.64,2,3,3,233,At Risk
1,15,4690.31,5,5,5,555,Champions
1,2,965.88,5,2,4,524,Potential Loyalists
45,1,415.82,3,1,2,312,Need Attention
3,2,935.05,5,2,4,524,Potential Loyalists
2,4,915.13,5,3,3,533,Loyal Customers
372,1,311.81,1,1,2,112,Lost Customers
133,1,115.8,2,1,1,211,Lost Customers
46,4,3742.2,3,3,5,335,Loyal Customers
8,5,4191.0,5,4,5,545,Champions
77,2,483.4,2,2,2,222,Lost Customers
233,1,157.2,1,1,1,111,Lost Customers
220,1,446.62,1,1,2,112,Lost Customers
35,2,658.64,3,2,3,323,Need Attention
74,2,621.29,2,2,3,223,Need Attention
238,2,1345.62,1,2,4,124,Need Attention
265,1,118.75,1,1,1,111,Lost Customers
9,55,117210.08,5,5,5,555,Champions
19,2,424.89000000000004,4,2,2,422,Potential Loyalists
39,1,507.65999999999997,3,1,3,313,Need Attention
19,11,4630.35,4,5,5,455,Champions
215,3,1097.6200000000001,1,3,4,134,At Risk
173,2,289.36,2,2,2,222,Lost Customers
86,4,2445.91,2,3,5,235,At Risk
70,2,1631.77,3,2,4,324,Need Attention
275,1,120.44,1,1,1,111,Lost Customers
38,4,562.59,3,3,3,333,Loyal Customers
97,1,363.79,2,1,2,212,Lost Customers
10,4,450.84,5,3,2,532,Need Attention
32,1,134.46,4,1,1,411,New Customers
59,3,3222.3,3,3,5,335,Loyal Customers
296,4,576.9000000000001,1,3,3,133,At Risk
85,4,549.46,2,3,3,233,At Risk
8,7,1600.26,5,4,4,544,Champions
40,2,701.57,3,2,3,323,Need Attention
10,25,4748.52,5,5,5,555,Champions
66,1,452.89,3,1,2,312,Need Attention
330,1,197.65,1,1,1,111,Lost Customers
30,6,2054.36,4,4,4,444,Champions
1,15,4654.08,5,5,5,555,Champions
1,13,4684.76,5,5,5,555,Champions
67,2,853.39,3,2,3,323,Need Attention
4,21,11349.52,5,5,5,555,Champions
201,2,1012.0,1,2,4,124,Need Attention
106,1,335.52,2,1,2,212,Lost Customers
17,4,701.4,4,3,3,433,Loyal Customers
217,1,185.39999999999998,1,1,1,111,Lost Customers
59,7,747.44,3,4,3,343,Loyal Customers
1,1,150.61,5,1,1,511,New Customers
16,2,466.7,4,2,2,422,Potential Loyalists
238,1,328.15999999999997,1,1,2,112,Lost Customers
94,1,151.74,2,1,1,211,Lost Customers
10,6,2073.43,5,4,5,545,Champions
105,6,1905.8400000000001,2,4,4,244,At Risk
52,9,2241.1,3,4,5,345,Loyal Customers
89,1,1070.48,2,1,4,214,Need Attention
30,5,1004.38,4,4,4,444,Champions
11,6,1789.72,5,4,4,544,Champions
2,4,1839.3,5,3,4,534,Loyal Customers
1,17,2004.98,5,5,4,554,Champions
42,1,169.48000000000002,3,1,1,311,Need Attention
3,1,89.94,5,1,1,511,New Customers
246,2,632.4000000000001,1,2,3,123,Need Attention
41,9,3432.8,3,4,5,345,Loyal Customers
176,1,683.17,2,1,3,213,Need Attention
91,3,991.13,2,3,4,234,At Risk
109,4,1009.73,2,3,4,234,At Risk
28,5,2214.79,4,4,5,445,Champions
25,10,3350.96,4,4,5,445,Champions
51,3,1547.2,3,3,4,334,Loyal Customers
183,3,925.71,1,3,3,133,At Risk
42,5,2048.07,3,4,4,344,Loyal Customers
48,4,1462.72,3,3,4,334,Loyal Customers
21,4,754.12,4,3,3,433,Loyal Customers
74,5,3144.86,2,4,5,245,At Risk
80,2,490.86,2,2,3,223,Need Attention
372,1,161.0,1,1,1,111,Lost Customers
325,1,146.85,1,1,1,111,Lost Customers
42,11,2380.85,3,5,5,355,Loyal Customers
29,2,890.34,4,2,3,423,Potential Loyalists
183,1,213.70000000000002,1,1,1,111,Lost Customers
234,2,280.55,1,2,2,122,Lost Customers
8,10,2588.77,5,4,5,545,Champions
219,2,1693.45,1,2,4,124,Need Attention
110,3,1474.06,2,3,4,234,At Risk
277,1,136.77,1,1,1,111,Lost Customers
317,1,302.58,1,1,2,112,Lost Customers
6,3,1904.05,5,3,4,534,Loyal Customers
1,5,2879.7000000000003,5,4,5,545,Champions
259,2,969.0600000000001,1,2,4,124,Need Attention
63,5,3099.7200000000003,3,4,5,345,Loyal Customers
8,9,12669.98,5,4,5,545,Champions
141,1,120.0,2,1,1,211,Lost Customers
50,2,1163.45,3,2,4,324,Need Attention
7,8,2618.23,5,4,5,545,Champions
154,2,333.97,2,2,2,222,Lost Customers
108,2,530.18,2,2,3,223,Need Attention
162,3,1516.24,2,3,4,234,At Risk
331,1,492.65000000000003,1,1,3,113,Need Attention
225,1,112.32000000000001,1,1,1,111,Lost Customers
73,2,437.96,2,2,2,222,Lost Customers
50,4,559.97,3,3,3,333,Loyal Customers
98,3,1119.74,2,3,4,234,At Risk
14,3,4188.0,4,3,5,435,Loyal Customers
196,1,134.04,1,1,1,111,Lost Customers
2,15,3701.44,5,5,5,555,Champions
30,2,595.25,4,2,3,423,Potential Loyalists
20,4,1910.01,4,3,4,434,Loyal Customers
23,3,4628.75,4,3,5,435,Loyal Customers
7,3,176.63,5,3,1,531,Need Attention
212,1,426.6,1,1,2,112,Lost Customers
8,6,911.26,5,4,3,543,Loyal Customers
10,5,2314.65,5,4,5,545,Champions
1,11,3883.25,5,5,5,555,Champions
7,9,4871.93,5,4,5,545,Champions
2,4,1046.56,5,3,4,534,Loyal Customers
39,1,166.20000000000002,3,1,1,311,Need Attention
17,4,1305.33,4,3,4,434,Loyal Customers
7,44,51527.3,5,5,5,555,Champions
7,9,3965.62,5,4,5,545,Champions
18,1,43.2,4,1,1,411,New Customers
116,1,640.14,2,1,3,213,Need Attention
222,1,383.45,1,1,2,112,Lost Customers
70,3,1858.96,3,3,4,334,Loyal Customers
50,2,2093.32,3,2,5,325,Need Attention
88,6,2995.7200000000003,2,4,5,245,At Risk
7,9,2352.53,5,4,5,545,Champions
242,1,310.26,1,1,2,112,Lost Customers
46,6,1611.5900000000001,3,4,4,344,Loyal Customers
106,1,120.0,2,1,1,211,Lost Customers
44,6,2481.13,3,4,5,345,Loyal Customers
64,1,508.58,3,1,3,313,Need Attention
206,2,477.79,1,2,2,122,Lost Customers
10,5,1530.75,5,4,4,544,Champions
114,2,605.0600000000001,2,2,3,223,Need Attention
241,1,183.85,1,1,1,111,Lost Customers
162,1,311.65000000000003,2,1,2,212,Lost Customers
16,7,4975.24,4,4,5,445,Champions
123,2,462.66,2,2,2,222,Lost Customers
22,3,840.21,4,3,3,433,Loyal Customers
67,1,415.2,3,1,2,312,Need Attention
16,8,2552.21,4,4,5,445,Champions
15,2,454.86,4,2,2,422,Potential Loyalists
16,4,1614.91,4,3,4,434,Loyal Customers
160,2,588.22,2,2,3,223,Need Attention
242,1,309.52000000000004,1,1,2,112,Lost Customers
218,1,134.7,1,1,1,111,Lost Customers
44,8,2166.98,3,4,5,345,Loyal Customers
20,4,668.5600000000001,4,3,3,433,Loyal Customers
126,8,889.9300000000001,2,4,3,243,At Risk
38,1,108.98,3,1,1,311,Need Attention
120,2,1021.58,2,2,4,224,Need Attention
259,1,409.57,1,1,2,112,Lost Customers
9,1,133.5,5,1,1,511,New Customers
273,1,282.93,1,1,2,112,Lost Customers
164,1,51.0,2,1,1,211,Lost Customers
156,4,1078.96,2,3,4,234,At Risk
214,1,90.6,1,1,1,111,Lost Customers
5,2,163.62,5,2,1,521,Need Attention
365,1,174.4,1,1,1,111,Lost Customers
79,2,701.23,2,2,3,223,Need Attention
42,1,225.12,3,1,1,311,Need Attention
18,3,912.1800000000001,4,3,3,433,Loyal Customers
31,4,2118.03,4,3,5,435,Loyal Customers
21,1,151.5,4,1,1,411,New Customers
108,8,3717.35,2,4,5,245,At Risk
7,16,9227.82,5,5,5,555,Champions
319,1,155.0,1,1,1,111,Lost Customers
294,1,100.5,1,1,1,111,Lost Customers
357,1,76.55,1,1,1,111,Lost Customers
184,1,235.56,1,1,1,111,Lost Customers
190,2,617.05,1,2,3,123,Need Attention
43,2,348.1,3,2,2,322,Need Attention
51,1,202.68,3,1,1,311,Need Attention
25,1,615.49,4,1,3,413,Potential Loyalists
37,3,1247.69,3,3,4,334,Loyal Customers
8,3,202.10999999999999,5,3,1,531,Need Attention
296,1,142.4,1,1,1,111,Lost Customers
32,3,1727.6,4,3,4,434,Loyal Customers
9,8,3212.84,5,4,5,545,Champions
64,2,1043.46,3,2,4,324,Need Attention
9,9,4642.57,5,4,5,545,Champions
217,1,67.95,1,1,1,111,Lost Customers
1,9,3479.91,5,4,5,545,Champions
64,2,487.99,3,2,3,323,Need Attention
2,19,2612.96,5,5,5,555,Champions
148,1,574.7,2,1,3,213,Need Attention
3,13,4051.48,5,5,5,555,Champions
129,4,1475.81,2,3,4,234,At Risk
33,6,1449.32,3,4,4,344,Loyal Customers
118,1,156.75,2,1,1,211,Lost Customers
106,6,2157.73,2,4,5,245,At Risk
10,7,2599.03,5,4,5,545,Champions
70,6,2059.4500000000003,3,4,5,345,Loyal Customers
91,9,1100.27,2,4,4,244,At Risk
310,1,1063.0,1,1,4,114,Need Attention
42,2,770.03,3,2,3,323,Need Attention
361,1,121.05,1,1,1,111,Lost Customers
91,7,1496.98,2,4,4,244,At Risk
0,13,5855.57,5,5,5,555,Champions
21,2,490.22,4,2,3,423,Potential Loyalists
3,3,1937.25,5,3,4,534,Loyal Customers
10,6,1051.79,5,4,4,544,Champions
98,1,387.52,2,1,2,212,Lost Customers
56,2,813.11,3,2,3,323,Need Attention
0,6,4263.64,5,4,5,545,Champions
217,1,265.2,1,1,2,112,Lost Customers
17,1,322.08,4,1,2,412,Potential Loyalists
23,10,4481.67,4,4,5,445,Champions
49,2,363.34000000000003,3,2,2,322,Need Attention
6,5,1224.06,5,4,4,544,Champions
302,1,470.36,1,1,2,112,Lost Customers
9,6,2248.5,5,4,5,545,Champions
21,6,1372.8,4,4,4,444,Champions
98,1,89.06,2,1,1,211,Lost Customers
365,1,63.0,1,1,1,111,Lost Customers
305,1,131.9,1,1,1,111,Lost Customers
319,1,2661.24,1,1,5,115,Need Attention
7,5,2357.68,5,4,5,545,Champions
0,4,1712.89,5,3,4,534,Loyal Customers
204,2,1589.82,1,2,4,124,Need Attention
53,4,1420.2,3,3,4,334,Loyal Customers
0,4,1010.35,5,3,4,534,Loyal Customers
18,5,1163.23,4,4,4,444,Champions
8,2,375.35,5,2,2,522,Potential Loyalists
18,4,885.8,4,3,3,433,Loyal Customers
180,3,483.25,1,3,2,132,Need Attention
59,2,643.9,3,2,3,323,Need Attention
10,2,259.05,5,2,2,522,Potential Loyalists
189,1,119.93,1,1,1,111,Lost Customers
4,9,3017.28,5,4,5,545,Champions
310,1,113.64,1,1,1,111,Lost Customers
154,1,1837.92,2,1,4,214,Need Attention
109,3,434.34,2,3,2,232,Need Attention
147,3,2103.06,2,3,5,235,At Risk
65,11,1980.57,3,5,4,354,Loyal Customers
97,3,529.62,2,3,3,233,At Risk
246,3,1038.44,1,3,4,134,At Risk
28,7,2272.4,4,4,5,445,Champions
17,4,596.26,4,3,3,433,Loyal Customers
11,2,461.19,5,2,2,522,Potential Loyalists
103,8,1852.67,2,4,4,244,At Risk
73,2,234.34,2,2,1,221,Lost Customers
45,1,547.66,3,1,3,313,Need Attention
71,3,925.85,3,3,3,333,Loyal Customers
256,1,193.0,1,1,1,111,Lost Customers
19,4,1309.6,4,3,4,434,Loyal Customers
253,2,316.25,1,2,2,122,Lost Customers
10,1,279.05,5,1,2,512,Potential Loyalists
164,2,636.51,2,2,3,223,Need Attention
17,6,2022.81,4,4,4,444,Champions
281,1,137.1,1,1,1,111,Lost Customers
49,1,321.92,3,1,2,312,Need Attention
38,1,162.8,3,1,1,311,Need Attention
26,6,1165.48,4,4,4,444,Champions
67,1,1064.28,3,1,4,314,Need Attention
206,1,463.38,1,1,2,112,Lost Customers
174,2,340.93,2,2,2,222,Lost Customers
6,5,2383.2400000000002,5,4,5,545,Champions
25,1,139.56,4,1,1,411,New Customers
50,2,123.80000000000001,3,2,1,321,Need Attention
311,2,538.8100000000001,1,2,3,123,Need Attention
308,1,475.37,1,1,2,112,Lost Customers
42,5,1957.32,3,4,4,344,Loyal Customers
25,3,808.44,4,3,3,433,Loyal Customers
87,3,356.85,2,3,2,232,Need Attention
183,2,251.21,1,2,2,122,Lost Customers
19,11,2429.83,4,5,5,455,Champions
2,6,3543.26,5,4,5,545,Champions
46,4,673.26,3,3,3,333,Loyal Customers
16,8,5859.43,4,4,5,445,Champions
16,5,1960.65,4,4,4,444,Champions
23,6,1367.88,4,4,4,444,Champions
21,2,268.05,4,2,2,422,Potential Loyalists
10,5,1314.81,5,4,4,544,Champions
187,2,275.28,1,2,2,122,Lost Customers
100,3,455.59000000000003,2,3,2,232,Need Attention
60,3,990.2,3,3,4,334,Loyal Customers
17,6,2076.89,4,4,5,445,Champions
32,2,330.45,4,2,2,422,Potential Loyalists
63,1,174.37,3,1,1,311,Need Attention
1,2,270.6,5,2,2,522,Potential Loyalists
23,4,974.54,4,3,4,434,Loyal Customers
107,1,241.09,2,1,1,211,Lost Customers
31,9,1843.83,4,4,4,444,Champions
19,9,4215.9,4,4,5,445,Champions
2,55,8507.13,5,5,5,555,Champions
36,1,364.21999999999997,3,1,2,312,Need Attention
59,3,578.61,3,3,3,333,Loyal Customers
25,6,2862.11,4,4,5,445,Champions
235,4,932.85,1,3,3,133,At Risk
24,7,1949.72,4,4,4,444,Champions
2,18,4397.3,5,5,5,555,Champions
59,3,2854.84,3,3,5,335,Loyal Customers
259,1,170.95,1,1,1,111,Lost Customers
57,1,355.56,3,1,2,312,Need Attention
64,2,388.25,3,2,2,322,Need Attention
15,2,537.48,4,2,3,423,Potential Loyalists
9,3,952.66,5,3,4,534,Loyal Customers
58,8,1453.35,3,4,4,344,Loyal Customers
185,1,103.25,1,1,1,111,Lost Customers
28,16,3599.73,4,5,5,455,Champions
23,2,2004.3,4,2,4,424,Potential Loyalists
4,5,2573.93,5,4,5,545,Champions
3,8,3974.75,5,4,5,545,Champions
150,2,652.8,2,2,3,223,Need Attention
310,1,289.24,1,1,2,112,Lost Customers
10,2,757.37,5,2,3,523,Potential Loyalists
17,2,186.23,4,2,1,421,Need Attention
151,1,164.22,2,1,1,211,Lost Customers
18,5,859.27,4,4,3,443,Loyal Customers
9,4,2279.4900000000002,5,3,5,535,Loyal Customers
56,2,312.54,3,2,2,322,Need Attention
84,1,788.38,2,1,3,213,Need Attention
6,22,2237.77,5,5,5,555,Champions
75,3,1080.76,2,3,4,234,At Risk
3,18,5006.77,5,5,5,555,Champions
95,4,3099.12,2,3,5,235,At Risk
110,1,1432.0,2,1,4,214,Need Attention
56,2,1530.3600000000001,3,2,4,324,Need Attention
0,1,227.39,5,1,1,511,New Customers
280,2,218.06,1,2,1,121,Lost Customers
2,7,2804.54,5,4,5,545,Champions
179,9,1639.82,1,4,4,144,At Risk
371,1,35.400000000000006,1,1,1,111,Lost Customers
12,4,859.71,5,3,3,533,Loyal Customers
2,1,168.63,5,1,1,511,New Customers
16,1,138.6,4,1,1,411,New Customers
40,1,114.11,3,1,1,311,Need Attention
5,5,986.96,5,4,4,544,Champions
168,4,1033.06,2,3,4,234,At Risk
49,1,157.05,3,1,1,311,Need Attention
276,1,237.35999999999999,1,1,1,111,Lost Customers
18,9,1580.29,4,4,4,444,Champions
371,1,39.75,1,1,1,111,Lost Customers
14,4,1320.21,4,3,4,434,Loyal Customers
34,3,557.94,3,3,3,333,Loyal Customers
21,3,617.15,4,3,3,433,Loyal Customers
6,2,363.33,5,2,2,522,Potential Loyalists
19,6,1740.6000000000001,4,4,4,444,Champions
10,2,866.24,5,2,3,523,Potential Loyalists
43,1,221.97,3,1,1,311,Need Attention
305,1,393.33000000000004,1,1,2,112,Lost Customers
10,1,213.96,5,1,1,511,New Customers
274,1,660.0,1,1,3,113,Need Attention
0,93,12076.15,5,5,5,555,Champions
15,14,16209.5,4,5,5,455,Champions
3,4,1785.15,5,3,4,534,Loyal Customers
71,4,601.56,3,3,3,333,Loyal Customers
242,3,406.08000000000004,1,3,2,132,Need Attention
8,3,553.44,5,3,3,533,Loyal Customers
245,1,394.44,1,1,2,112,Lost Customers
205,2,412.78000000000003,1,2,2,122,Lost Customers
0,5,1788.3600000000001,5,4,4,544,Champions
184,1,320.58000000000004,1,1,2,112,Lost Customers
31,5,886.7,4,4,3,443,Loyal Customers
56,2,225.85,3,2,1,321,Need Attention
195,2,899.63,1,2,3,123,Need Attention
23,4,2791.27,4,3,5,435,Loyal Customers
90,2,671.96,2,2,3,223,Need Attention
3,2,955.26,5,2,4,524,Potential Loyalists
50,3,1006.98,3,3,4,334,Loyal Customers
262,1,114.56,1,1,1,111,Lost Customers
265,1,344.90000000000003,1,1,2,112,Lost Customers
35,2,609.85,3,2,3,323,Need Attention
50,1,443.6,3,1,2,312,Need Attention
51,6,2984.4900000000002,3,4,5,345,Loyal Customers
23,6,2107.38,4,4,5,445,Champions
21,1,110.46000000000001,4,1,1,411,New Customers
58,1,96.12,3,1,1,311,Need Attention
169,2,693.8100000000001,2,2,3,223,Need Attention
67,2,830.76,3,2,3,323,Need Attention
156,2,597.09,2,2,3,223,Need Attention
1,73,280206.02,5,5,5,555,Champions
200,1,236.04000000000002,1,1,1,111,Lost Customers
4,4,1402.59,5,3,4,534,Loyal Customers
66,2,653.75,3,2,3,323,Need Attention
76,1,114.18,2,1,1,211,Lost Customers
0,7,1926.65,5,4,4,544,Champions
7,4,1932.23,5,3,4,534,Loyal Customers
168,2,291.05,2,2,2,222,Lost Customers
17,4,848.22,4,3,3,433,Loyal Customers
4,2,247.15,5,2,1,521,Need Attention
8,9,2529.93,5,4,5,545,Champions
86,2,285.74,2,2,2,222,Lost Customers
26,1,107.95,4,1,1,411,New Customers
28,4,741.37,4,3,3,433,Loyal Customers
19,2,636.24,4,2,3,423,Potential Loyalists
60,5,1835.7,3,4,4,344,Loyal Customers
23,1,195.25,4,1,1,411,New Customers
10,25,9175.04,5,5,5,555,Champions
241,3,1259.24,1,3,4,134,At Risk
279,2,392.86,1,2,2,122,Lost Customers
234,2,765.5500000000001,1,2,3,123,Need Attention
2,5,1736.4,5,4,4,544,Champions
15,1,596.36,4,1,3,413,Potential Loyalists
30,6,2548.2400000000002,4,4,5,445,Champions
24,16,28754.11,4,5,5,455,Champions
70,3,498.95,3,3,3,333,Loyal Customers
187,2,52.0,1,2,1,121,Lost Customers
25,5,1201.51,4,4,4,444,Champions
106,1,628.38,2,1,3,213,Need Attention
7,21,5579.1,5,5,5,555,Champions
208,1,112.80000000000001,1,1,1,111,Lost Customers
43,2,355.05,3,2,2,322,Need Attention
30,5,2114.33,4,4,5,445,Champions
136,4,591.55,2,3,3,233,At Risk
264,1,172.9,1,1,1,111,Lost Customers
3,7,2078.95,5,4,5,545,Champions
217,2,188.61,1,2,1,121,Lost Customers
1,5,1217.27,5,4,4,544,Champions
213,1,109.13000000000001,1,1,1,111,Lost Customers
31,3,2195.1,4,3,5,435,Loyal Customers
10,9,2526.09,5,4,5,545,Champions
0,17,3251.79,5,5,5,555,Champions
14,1,318.17,4,1,2,412,Potential Loyalists
10,9,1493.96,5,4,4,544,Champions
198,1,179.0,1,1,1,111,Lost Customers
2,3,1126.3700000000001,5,3,4,534,Loyal Customers
14,13,4921.04,4,5,5,455,Champions
13,4,599.48,4,3,3,433,Loyal Customers
9,11,2839.62,5,5,5,555,Champions
28,3,917.07,4,3,3,433,Loyal Customers
8,11,2662.2,5,5,5,555,Champions
23,1,160.19,4,1,1,411,New Customers
24,4,867.38,4,3,3,433,Loyal Customers
42,2,307.51,3,2,2,322,Need Attention
1,5,1581.84,5,4,4,544,Champions
5,3,663.81,5,3,3,533,Loyal Customers
146,1,180.42,2,1,1,211,Lost Customers
9,6,1122.36,5,4,4,544,Champions
24,1,655.58,4,1,3,413,Potential Loyalists
273,1,268.58,1,1,2,112,Lost Customers
373,1,313.49,1,1,2,112,Lost Customers
0,8,1897.57,5,4,4,544,Champions
46,3,380.02,3,3,2,332,Need Attention
7,8,2702.4900000000002,5,4,5,545,Champions
15,12,9585.91,4,5,5,455,Champions
3,32,6065.6900000000005,5,5,5,555,Champions
3,3,1164.55,5,3,4,534,Loyal Customers
42,7,1314.45,3,4,4,344,Loyal Customers
3,7,3902.28,5,4,5,545,Champions
196,3,1448.21,1,3,4,134,At Risk
11,6,1400.3400000000001,5,4,4,544,Champions
15,7,1099.98,4,4,4,444,Champions
112,5,1220.26,2,4,4,244,At Risk
248,1,328.2,1,1,2,112,Lost Customers
28,5,1415.75,4,4,4,444,Champions
43,1,389.64000000000004,3,1,2,312,Need Attention
86,1,563.15,2,1,3,213,Need Attention
44,2,638.05,3,2,3,323,Need Attention
9,11,5010.28,5,5,5,555,Champions
14,1,738.96,4,1,3,413,Potential Loyalists
74,1,420.5,2,1,2,212,Lost Customers
144,4,1484.06,2,3,4,234,At Risk
4,3,1625.97,5,3,4,534,Loyal Customers
296,1,89.2,1,1,1,111,Lost Customers
58,2,255.9,3,2,2,322,Need Attention
263,1,300.52,1,1,2,112,Lost Customers
46,1,278.3,3,1,2,312,Need Attention
28,3,254.11,4,3,2,432,Need Attention
7,6,2473.37,5,4,5,545,Champions
16,2,192.60000000000002,4,2,1,421,Need Attention
2,8,10416.98,5,4,5,545,Champions
231,2,876.4200000000001,1,2,3,123,Need Attention
111,1,139.26,2,1,1,211,Lost Customers
57,3,1011.9,3,3,4,334,Loyal Customers
50,11,2538.2999999999997,3,5,5,355,Loyal Customers
126,2,730.86,2,2,3,223,Need Attention
280,3,386.15,1,3,2,132,Need Attention
54,2,447.68,3,2,2,322,Need Attention
319,1,200.10000000000002,1,1,1,111,Lost Customers
25,2,289.99,4,2,2,422,Potential Loyalists
9,2,77.4,5,2,1,521,Need Attention
6,2,679.44,5,2,3,523,Potential Loyalists
28,1,197.64,4,1,1,411,New Customers
16,4,745.06,4,3,3,433,Loyal Customers
63,1,6.2,3,1,1,311,Need Attention
20,1,228.99,4,1,1,411,New Customers
2,7,1319.91,5,4,4,544,Champions
165,1,131.45000000000002,2,1,1,211,Lost Customers
0,17,7975.49,5,5,5,555,Champions
52,3,173.74,3,3,1,331,Need Attention
50,1,157.7,3,1,1,311,Need Attention
47,12,4331.79,3,5,5,355,Loyal Customers
60,1,189.34,3,1,1,311,Need Attention
161,3,845.5500000000001,2,3,3,233,At Risk
8,1,353.27,5,1,2,512,Potential Loyalists
14,4,546.4,4,3,3,433,Loyal Customers
74,1,193.39000000000001,2,1,1,211,Lost Customers
39,8,2718.6,3,4,5,345,Loyal Customers
40,11,2085.33,3,5,5,355,Loyal Customers
369,2,152.88,1,2,1,121,Lost Customers
36,2,778.5,3,2,3,323,Need Attention
196,1,271.85,1,1,2,112,Lost Customers
199,2,1110.34,1,2,4,124,Need Attention
73,3,657.8,2,3,3,233,At Risk
63,2,272.07,3,2,2,322,Need Attention
20,4,507.29,4,3,3,433,Loyal Customers
366,1,48.800000000000004,1,1,1,111,Lost Customers
179,3,321.43,1,3,2,132,Need Attention
9,4,1127.71,5,3,4,534,Loyal Customers
3,12,2221.01,5,5,5,555,Champions
196,3,2139.76,1,3,5,135,At Risk
28,4,697.55,4,3,3,433,Loyal Customers
52,1,188.88,3,1,1,311,Need Attention
17,6,1720.3,4,4,4,444,Champions
9,3,102.45,5,3,1,531,Need Attention
89,4,1649.5,2,3,4,234,At Risk
267,1,62.85,1,1,1,111,Lost Customers
52,6,3295.76,3,4,5,345,Loyal Customers
43,4,2824.69,3,3,5,335,Loyal Customers
63,4,3189.81,3,3,5,335,Loyal Customers
148,1,309.40000000000003,2,1,2,212,Lost Customers
21,25,7930.54,4,5,5,455,Champions
311,1,325.75,1,1,2,112,Lost Customers
22,2,511.35,4,2,3,423,Potential Loyalists
57,6,2836.69,3,4,5,345,Loyal Customers
23,2,475.8,4,2,2,422,Potential Loyalists
77,7,2740.03,2,4,5,245,At Risk
118,2,645.65,2,2,3,223,Need Attention
35,3,1290.53,3,3,4,334,Loyal Customers
59,2,1173.1200000000001,3,2,4,324,Need Attention
12,4,1353.74,5,3,4,534,Loyal Customers
18,1,170.32,4,1,1,411,New Customers
51,1,125.79,3,1,1,311,Need Attention
25,2,841.2,4,2,3,423,Potential Loyalists
28,1,266.76,4,1,2,412,Potential Loyalists
6,2,52.2,5,2,1,521,Need Attention
10,12,14389.9,5,5,5,555,Champions
185,3,710.28,1,3,3,133,At Risk
2,8,2953.59,5,4,5,545,Champions
8,2,721.45,5,2,3,523,Potential Loyalists
261,1,327.25,1,1,2,112,Lost Customers
2,4,501.28000000000003,5,3,3,533,Loyal Customers
209,1,519.68,1,1,3,113,Need Attention
107,2,1465.32,2,2,4,224,Need Attention
12,9,1476.09,5,4,4,544,Champions
76,3,690.59,2,3,3,233,At Risk
19,1,255.4,4,1,2,412,Potential Loyalists
26,2,589.7,4,2,3,423,Potential Loyalists
18,6,761.59,4,4,3,443,Loyal Customers
131,1,765.3199999999999,2,1,3,213,Need Attention
252,1,364.8,1,1,2,112,Lost Customers
78,1,1862.0,2,1,4,214,Need Attention
206,1,369.2,1,1,2,112,Lost Customers
335,1,135.9,1,1,1,111,Lost Customers
253,1,125.65,1,1,1,111,Lost Customers
147,2,554.38,2,2,3,223,Need Attention
9,2,1237.8500000000001,5,2,4,524,Potential Loyalists
84,1,655.75,2,1,3,213,Need Attention
7,20,11138.710000000001,5,5,5,555,Champions
204,2,468.77000000000004,1,2,2,122,Lost Customers
7,4,1366.38,5,3,4,534,Loyal Customers
22,6,1269.31,4,4,4,444,Champions
10,9,1421.29,5,4,4,544,Champions
25,1,332.66,4,1,2,412,Potential Loyalists
20,5,2795.33,4,4,5,445,Champions
1,2,1025.44,5,2,4,524,Potential Loyalists
157,2,616.15,2,2,3,223,Need Attention
2,7,3501.1,5,4,5,545,Champions
73,1,277.8,2,1,2,212,Lost Customers
2,4,434.35,5,3,2,532,Need Attention
0,201,143711.17,5,5,5,555,Champions
16,2,867.85,4,2,3,423,Potential Loyalists
35,4,1227.43,3,3,4,334,Loyal Customers
90,2,307.48,2,2,2,222,Lost Customers
70,4,1268.98,3,3,4,334,Loyal Customers
115,2,1610.15,2,2,4,224,Need Attention
212,2,977.77,1,2,4,124,Need Attention
29,2,1316.07,4,2,4,424,Potential Loyalists
50,1,749.1,3,1,3,313,Need Attention
245,1,310.05,1,1,2,112,Lost Customers
31,1,223.88,4,1,1,411,New Customers
108,3,2362.96,2,3,5,235,At Risk
4,5,1257.68,5,4,4,544,Champions
365,1,363.53,1,1,2,112,Lost Customers
81,2,1890.94,2,2,4,224,Need Attention
296,1,1784.71,1,1,4,114,Need Attention
33,8,8137.02,3,4,5,345,Loyal Customers
56,3,1621.88,3,3,4,334,Loyal Customers
29,12,5900.25,4,5,5,455,Champions
13,1,100.9,4,1,1,411,New Customers
71,2,290.82,3,2,2,322,Need Attention
22,6,1101.97,4,4,4,444,Champions
18,1,371.2,4,1,2,412,Potential Loyalists
78,1,311.69,2,1,2,212,Lost Customers
59,11,8099.49,3,5,5,355,Loyal Customers
24,1,285.67,4,1,2,412,Potential Loyalists
11,1,294.85,5,1,2,512,Potential Loyalists
252,1,58.49,1,1,1,111,Lost Customers
146,3,483.73,2,3,2,232,Need Attention
63,4,695.42,3,3,3,333,Loyal Customers
7,2,221.27,5,2,1,521,Need Attention
10,9,7044.68,5,4,5,545,Champions
270,1,126.7,1,1,1,111,Lost Customers
9,5,1472.34,5,4,4,544,Champions
246,1,206.21,1,1,1,111,Lost Customers
95,2,596.09,2,2,3,223,Need Attention
14,1,183.02,4,1,1,411,New Customers
49,1,463.8,3,1,2,312,Need Attention
29,1,147.59,4,1,1,411,New Customers
67,4,1592.06,3,3,4,334,Loyal Customers
34,3,1097.98,3,3,4,334,Loyal Customers
127,1,114.77,2,1,1,211,Lost Customers
106,3,1314.45,2,3,4,234,At Risk
36,1,89.94,3,1,1,311,Need Attention
56,1,279.94,3,1,2,312,Need Attention
56,7,790.86,3,4,3,343,Loyal Customers
71,5,1921.3700000000001,3,4,4,344,Loyal Customers
245,1,102.12,1,1,1,111,Lost Customers
18,2,202.37,4,2,1,421,Need Attention
197,2,292.01,1,2,2,122,Lost Customers
15,2,326.4,4,2,2,422,Potential Loyalists
211,1,334.54,1,1,2,112,Lost Customers
38,2,231.98000000000002,3,2,1,321,Need Attention
45,3,546.1999999999999,3,3,3,333,Loyal Customers
169,2,414.87,2,2,2,222,Lost Customers
47,1,490.52,3,1,3,313,Need Attention
115,4,1641.76,2,3,4,234,At Risk
146,1,1220.77,2,1,4,214,Need Attention
15,28,6295.37,4,5,5,455,Champions
50,1,480.38,3,1,2,312,Need Attention
158,1,156.91,2,1,1,211,Lost Customers
11,3,1259.43,5,3,4,534,Loyal Customers
35,1,308.94,3,1,2,312,Need Attention
53,2,405.04,3,2,2,322,Need Attention
42,2,257.67,3,2,2,322,Need Attention
172,1,170.04,2,1,1,211,Lost Customers
33,1,125.58,3,1,1,311,Need Attention
38,3,496.21,3,3,3,333,Loyal Customers
266,1,252.81,1,1,2,112,Lost Customers
8,9,1871.77,5,4,4,544,Champions
11,4,852.39,5,3,3,533,Loyal Customers
2,11,6720.41,5,5,5,555,Champions
9,10,1636.43,5,4,4,544,Champions
32,1,361.96,4,1,2,412,Potential Loyalists
79,3,469.0,2,3,2,232,Need Attention
30,4,1066.15,4,3,4,434,Loyal Customers
7,4,627.13,5,3,3,533,Loyal Customers
71,2,518.28,3,2,3,323,Need Attention
3,4,653.19,5,3,3,533,Loyal Customers
255,3,4959.1,1,3,5,135,At Risk
4,10,2557.18,5,4,5,545,Champions
15,8,4274.16,4,4,5,445,Champions
89,1,252.73000000000002,2,1,2,212,Lost Customers
71,3,429.56,3,3,2,332,Need Attention
58,6,685.74,3,4,3,343,Loyal Customers
9,47,19766.59,5,5,5,555,Champions
169,1,179.93,2,1,1,211,Lost Customers
198,1,135.93,1,1,1,111,Lost Customers
30,1,537.0,4,1,3,413,Potential Loyalists
18,17,7634.7300000000005,4,5,5,455,Champions
151,2,735.66,2,2,3,223,Need Attention
8,15,5090.42,5,5,5,555,Champions
269,1,343.62,1,1,2,112,Lost Customers
64,4,381.0,3,3,2,332,Need Attention
273,1,121.17000000000002,1,1,1,111,Lost Customers
24,3,1737.69,4,3,4,434,Loyal Customers
22,3,1383.36,4,3,4,434,Loyal Customers
318,1,207.73000000000002,1,1,1,111,Lost Customers
4,3,693.95,5,3,3,533,Loyal Customers
11,2,302.1,5,2,2,522,Potential Loyalists
274,2,1489.5,1,2,4,124,Need Attention
24,11,2102.54,4,5,5,455,Champions
40,9,1337.72,3,4,4,344,Loyal Customers
7,4,294.25,5,3,2,532,Need Attention
3,48,54534.14,5,5,5,555,Champions
70,4,987.86,3,3,4,334,Loyal Customers
212,1,370.79999999999995,1,1,2,112,Lost Customers
37,4,3158.13,3,3,5,335,Loyal Customers
52,1,893.59,3,1,3,313,Need Attention
77,3,1744.76,2,3,4,234,At Risk
45,2,553.36,3,2,3,323,Need Attention
178,1,1109.53,2,1,4,214,Need Attention
372,1,106.2,1,1,1,111,Lost Customers
93,2,982.07,2,2,4,224,Need Attention
9,3,1043.41,5,3,4,534,Loyal Customers
104,1,735.67,2,1,3,213,Need Attention
77,1,773.03,2,1,3,213,Need Attention
172,1,880.85,2,1,3,213,Need Attention
6,32,9743.11,5,5,5,555,Champions
212,4,895.61,1,3,3,133,At Risk
21,5,504.8,4,4,3,443,Loyal Customers
256,1,88.2,1,1,1,111,Lost Customers
281,1,306.94,1,1,2,112,Lost Customers
20,2,1160.07,4,2,4,424,Potential Loyalists
9,6,2420.84,5,4,5,545,Champions
307,1,381.32,1,1,2,112,Lost Customers
67,1,480.71,3,1,2,312,Need Attention
214,2,457.81,1,2,2,122,Lost Customers
17,6,4597.02,4,4,5,445,Champions
103,4,1370.6000000000001,2,3,4,234,At Risk
42,1,219.39000000000001,3,1,1,311,Need Attention
3,1,248.08,5,1,1,511,New Customers
181,3,39916.5,1,3,5,135,At Risk
83,1,410.48,2,1,2,212,Lost Customers
333,3,876.0,1,3,3,133,At Risk
8,2,317.53000000000003,5,2,2,522,Potential Loyalists
30,2,703.36,4,2,3,423,Potential Loyalists
196,2,993.54,1,2,4,124,Need Attention
17,7,2298.93,4,4,5,445,Champions
17,5,1422.52,4,4,4,444,Champions
310,6,319.5,1,4,2,142,Need Attention
141,4,1300.25,2,3,4,234,At Risk
245,1,484.95,1,1,2,112,Lost Customers
23,4,996.1,4,3,4,434,Loyal Customers
28,3,1567.48,4,3,4,434,Loyal Customers
9,3,3509.43,5,3,5,535,Loyal Customers
29,10,2760.56,4,4,5,445,Champions
17,1,340.11,4,1,2,412,Potential Loyalists
17,4,1352.75,4,3,4,434,Loyal Customers
14,5,1551.78,4,4,4,444,Champions
133,1,244.8,2,1,1,211,Lost Customers
245,1,266.4,1,1,2,112,Lost Customers
133,1,358.82,2,1,2,212,Lost Customers
49,2,457.72,3,2,2,322,Need Attention
113,3,1633.78,2,3,4,234,At Risk
6,2,2199.31,5,2,5,525,Potential Loyalists
22,2,184.19,4,2,1,421,Need Attention
24,15,11528.48,4,5,5,455,Champions
65,1,406.53000000000003,3,1,2,312,Need Attention
59,4,1471.0,3,3,4,334,Loyal Customers
49,11,3447.4,3,5,5,355,Loyal Customers
169,1,330.11,2,1,2,212,Lost Customers
17,5,977.9300000000001,4,4,4,444,Champions
127,3,982.42,2,3,4,234,At Risk
14,8,1387.99,4,4,4,444,Champions
238,1,139.05,1,1,1,111,Lost Customers
2,4,1286.7,5,3,4,534,Loyal Customers
239,2,178.96,1,2,1,121,Lost Customers
51,7,2354.25,3,4,5,345,Loyal Customers
45,1,498.74,3,1,3,313,Need Attention
225,1,259.45,1,1,2,112,Lost Customers
7,17,6580.4400000000005,5,5,5,555,Champions
3,4,1194.73,5,3,4,534,Loyal Customers
164,2,1327.16,2,2,4,224,Need Attention
239,1,623.5,1,1,3,113,Need Attention
10,1,301.29,5,1,2,512,Potential Loyalists
133,1,520.8000000000001,2,1,3,213,Need Attention
16,10,5291.33,4,4,5,445,Champions
9,13,4745.69,5,5,5,555,Champions
30,1,329.25,4,1,2,412,Potential Loyalists
74,1,254.28,2,1,2,212,Lost Customers
0,3,961.49,5,3,4,534,Loyal Customers
3,3,1936.07,5,3,4,534,Loyal Customers
44,1,401.40000000000003,3,1,2,312,Need Attention
1,30,18641.010000000002,5,5,5,555,Champions
356,1,158.16,1,1,1,111,Lost Customers
17,2,304.47,4,2,2,422,Potential Loyalists
68,3,824.58,3,3,3,333,Loyal Customers
372,1,487.75,1,1,3,113,Need Attention
320,1,158.8,1,1,1,111,Lost Customers
25,1,106.56,4,1,1,411,New Customers
330,1,1289.5,1,1,4,114,Need Attention
8,5,1624.05,5,4,4,544,Champions
322,1,135.75,1,1,1,111,Lost Customers
71,1,224.14,3,1,1,311,Need Attention
259,1,40.5,1,1,1,111,Lost Customers
17,5,2206.9500000000003,4,4,5,445,Champions
366,1,87.5,1,1,1,111,Lost Customers
65,3,689.48,3,3,3,333,Loyal Customers
153,2,622.85,2,2,3,223,Need Attention
28,2,402.2,4,2,2,422,Potential Loyalists
69,1,310.62,3,1,2,312,Need Attention
13,2,411.41,4,2,2,422,Potential Loyalists
1,16,4777.18,5,5,5,555,Champions
0,41,16225.39,5,5,5,555,Champions
119,3,1044.32,2,3,4,234,At Risk
60,1,499.32,3,1,3,313,Need Attention
2,15,7616.53,5,5,5,555,Champions
2,1,3861.0,5,1,5,515,Potential Loyalists
10,3,1079.61,5,3,4,534,Loyal Customers
91,2,193.64,2,2,1,221,Lost Customers
58,4,1268.7,3,3,4,334,Loyal Customers
86,5,1236.54,2,4,4,244,At Risk
25,6,1827.8,4,4,4,444,Champions
356,1,316.58,1,1,2,112,Lost Customers
84,2,653.24,2,2,3,223,Need Attention
9,4,420.3,5,3,2,532,Need Attention
0,5,870.12,5,4,3,543,Loyal Customers
224,1,331.18,1,1,2,112,Lost Customers
59,2,894.4100000000001,3,2,3,323,Need Attention
240,1,101.8,1,1,1,111,Lost Customers
318,2,328.35,1,2,2,122,Lost Customers
1,8,1661.44,5,4,4,544,Champions
46,3,734.94,3,3,3,333,Loyal Customers
87,1,96.6,2,1,1,211,Lost Customers
10,11,5756.89,5,5,5,555,Champions
175,1,305.75,2,1,2,212,Lost Customers
51,6,1778.96,3,4,4,344,Loyal Customers
365,1,403.25,1,1,2,112,Lost Customers
318,1,585.0,1,1,3,113,Need Attention
225,2,755.75,1,2,3,123,Need Attention
357,2,322.08,1,2,2,122,Lost Customers
233,1,409.40000000000003,1,1,2,112,Lost Customers
310,1,154.41,1,1,1,111,Lost Customers
36,5,1219.4,3,4,4,344,Loyal Customers
65,4,3386.71,3,3,5,335,Loyal Customers
238,2,429.6,1,2,2,122,Lost Customers
112,2,612.06,2,2,3,223,Need Attention
276,1,197.0,1,1,1,111,Lost Customers
217,12,2247.51,1,5,5,155,At Risk
298,1,321.05,1,1,2,112,Lost Customers
1,4,1412.32,5,3,4,534,Loyal Customers
28,3,1071.99,4,3,4,434,Loyal Customers
9,2,780.59,5,2,3,523,Potential Loyalists
44,5,1706.57,3,4,4,344,Loyal Customers
66,8,1756.44,3,4,4,344,Loyal Customers
73,1,316.68,2,1,2,212,Lost Customers
64,2,631.57,3,2,3,323,Need Attention
133,3,2515.84,2,3,5,235,At Risk
237,2,514.15,1,2,3,123,Need Attention
121,1,356.0,2,1,2,212,Lost Customers
31,13,6688.46,4,5,5,455,Champions
8,11,10484.99,5,5,5,555,Champions
35,2,740.78,3,2,3,323,Need Attention
15,5,918.2,4,4,3,443,Loyal Customers
126,1,300.36,2,1,2,212,Lost Customers
66,1,890.85,3,1,3,313,Need Attention
148,1,98.45,2,1,1,211,Lost Customers
282,1,317.15,1,1,2,112,Lost Customers
168,2,623.16,2,2,3,223,Need Attention
99,7,1810.77,2,4,4,244,At Risk
134,1,254.82,2,1,2,212,Lost Customers
323,1,178.95000000000002,1,1,1,111,Lost Customers
106,1,156.51,2,1,1,211,Lost Customers
63,1,393.74,3,1,2,312,Need Attention
150,2,1506.1200000000001,2,2,4,224,Need Attention
337,1,119.3,1,1,1,111,Lost Customers
21,5,1717.36,4,4,4,444,Champions
23,1,408.8,4,1,2,412,Potential Loyalists
15,7,2379.49,4,4,5,445,Champions
6,15,2493.34,5,5,5,555,Champions
56,2,721.94,3,2,3,323,Need Attention
3,2,716.57,5,2,3,523,Potential Loyalists
37,1,615.14,3,1,3,313,Need Attention
65,1,128.63,3,1,1,311,Need Attention
46,1,255.89999999999998,3,1,2,312,Need Attention
354,1,290.51,1,1,2,112,Lost Customers
171,1,113.12,2,1,1,211,Lost Customers
58,9,2332.15,3,4,5,345,Loyal Customers
49,1,240.55,3,1,1,311,Need Attention
21,2,486.69,4,2,2,422,Potential Loyalists
42,5,2306.52,3,4,5,345,Loyal Customers
28,3,939.78,4,3,4,434,Loyal Customers
4,18,7943.22,5,5,5,555,Champions
25,15,4668.3,4,5,5,455,Champions
200,1,178.39,1,1,1,111,Lost Customers
50,6,3672.86,3,4,5,345,Loyal Customers
9,3,641.94,5,3,3,533,Loyal Customers
1,12,4799.9,5,5,5,555,Champions
66,7,4507.01,3,4,5,345,Loyal Customers
63,1,496.44,3,1,3,313,Need Attention
50,12,5049.95,3,5,5,355,Loyal Customers
289,1,574.02,1,1,3,113,Need Attention
60,8,694.4,3,4,3,343,Loyal Customers
63,3,1174.3500000000001,3,3,4,334,Loyal Customers
95,1,205.3,2,1,1,211,Lost Customers
273,1,310.47,1,1,2,112,Lost Customers
0,91,60632.75,5,5,5,555,Champions
74,4,924.85,2,3,3,233,At Risk
109,1,52.0,2,1,1,211,Lost Customers
198,1,327.97,1,1,2,112,Lost Customers
63,2,570.5,3,2,3,323,Need Attention
326,1,165.0,1,1,1,111,Lost Customers
3,1,312.62,5,1,2,512,Potential Loyalists
283,1,204.5,1,1,1,111,Lost Customers
43,1,267.13,3,1,2,312,Need Attention
70,3,2748.31,3,3,5,335,Loyal Customers
85,1,679.68,2,1,3,213,Need Attention
103,1,161.74,2,1,1,211,Lost Customers
333,1,311.71,1,1,2,112,Lost Customers
52,1,208.75,3,1,1,311,Need Attention
38,3,1049.7,3,3,4,334,Loyal Customers
31,2,714.9599999999999,4,2,3,423,Potential Loyalists
365,4,1661.06,1,3,4,134,At Risk
207,1,1028.56,1,1,4,114,Need Attention
156,3,350.82,2,3,2,232,Need Attention
53,1,170.22,3,1,1,311,Need Attention
65,2,574.07,3,2,3,323,Need Attention
80,1,2020.52,2,1,4,214,Need Attention
129,1,406.09000000000003,2,1,2,212,Lost Customers
86,1,364.5,2,1,2,212,Lost Customers
0,3,563.94,5,3,3,533,Loyal Customers
45,1,393.54,3,1,2,312,Need Attention
332,1,252.42000000000002,1,1,2,112,Lost Customers
365,1,201.60000000000002,1,1,1,111,Lost Customers
71,1,158.04,3,1,1,311,Need Attention
157,2,463.91,2,2,2,222,Lost Customers
372,1,115.65,1,1,1,111,Lost Customers
11,7,1934.66,5,4,4,544,Champions
254,2,770.12,1,2,3,123,Need Attention
28,2,277.05,4,2,2,422,Potential Loyalists
30,10,2718.03,4,4,5,445,Champions
4,22,8347.2,5,5,5,555,Champions
39,1,427.93,3,1,2,312,Need Attention
361,1,418.92,1,1,2,112,Lost Customers
372,1,326.0,1,1,2,112,Lost Customers
95,2,913.19,2,2,3,223,Need Attention
25,7,2314.32,4,4,5,445,Champions
74,2,602.51,2,2,3,223,Need Attention
56,4,1877.5900000000001,3,3,4,334,Loyal Customers
20,1,446.94000000000005,4,1,2,412,Potential Loyalists
40,7,2386.05,3,4,5,345,Loyal Customers
136,1,2007.4,2,1,4,214,Need Attention
7,12,2415.91,5,5,5,555,Champions
128,1,168.0,2,1,1,211,Lost Customers
39,3,1221.56,3,3,4,334,Loyal Customers
168,7,3703.29,2,4,5,245,At Risk
8,5,1690.26,5,4,4,544,Champions
213,2,596.85,1,2,3,123,Need Attention
14,6,5955.71,4,4,5,445,Champions
169,2,642.41,2,2,3,223,Need Attention
39,1,316.88,3,1,2,312,Need Attention
185,1,394.14,1,1,2,112,Lost Customers
269,1,140.54,1,1,1,111,Lost Customers
171,1,500.0,2,1,3,213,Need Attention
4,4,1535.53,5,3,4,534,Loyal Customers
15,2,231.86,4,2,1,421,Need Attention
9,4,2183.54,5,3,5,535,Loyal Customers
325,1,107.45,1,1,1,111,Lost Customers
112,1,288.18,2,1,2,212,Lost Customers
289,1,94.0,1,1,1,111,Lost Customers
15,2,1345.53,4,2,4,424,Potential Loyalists
0,3,815.77,5,3,3,533,Loyal Customers
91,5,716.2,2,4,3,243,At Risk
148,2,626.77,2,2,3,223,Need Attention
188,1,349.1,1,1,2,112,Lost Customers
30,2,510.71000000000004,4,2,3,423,Potential Loyalists
33,4,1046.74,3,3,4,334,Loyal Customers
263,1,267.18,1,1,2,112,Lost Customers
83,8,3450.84,2,4,5,245,At Risk
25,4,1348.93,4,3,4,434,Loyal Customers
170,1,190.53,2,1,1,211,Lost Customers
9,3,774.9000000000001,5,3,3,533,Loyal Customers
312,1,559.61,1,1,3,113,Need Attention
64,4,3984.32,3,3,5,335,Loyal Customers
84,1,508.8,2,1,3,213,Need Attention
24,1,135.86,4,1,1,411,New Customers
58,4,950.36,3,3,4,334,Loyal Customers
322,2,97.7,1,2,1,121,Lost Customers
37,1,43.5,3,1,1,311,Need Attention
253,2,383.34,1,2,2,122,Lost Customers
18,5,1404.07,4,4,4,444,Champions
32,3,1430.54,4,3,4,434,Loyal Customers
14,1,93.78,4,1,1,411,New Customers
26,2,397.35,4,2,2,422,Potential Loyalists
22,1,171.19000000000003,4,1,1,411,New Customers
213,2,533.3,1,2,3,123,Need Attention
7,5,1041.48,5,4,4,544,Champions
21,1,149.29,4,1,1,411,New Customers
11,3,1067.75,5,3,4,534,Loyal Customers
261,1,200.16,1,1,1,111,Lost Customers
130,1,156.57999999999998,2,1,1,211,Lost Customers
54,3,383.68,3,3,2,332,Need Attention
248,1,594.0,1,1,3,113,Need Attention
1,7,3213.59,5,4,5,545,Champions
8,2,1411.21,5,2,4,524,Potential Loyalists
263,1,113.5,1,1,1,111,Lost Customers
330,1,155.17000000000002,1,1,1,111,Lost Customers
312,1,494.64,1,1,3,113,Need Attention
25,3,974.52,4,3,4,434,Loyal Customers
29,1,429.84,4,1,2,412,Potential Loyalists
29,3,528.48,4,3,3,433,Loyal Customers
1,7,1371.77,5,4,4,544,Champions
361,1,179.1,1,1,1,111,Lost Customers
282,3,434.59,1,3,2,132,Need Attention
261,1,237.07,1,1,1,111,Lost Customers
24,1,161.64,4,1,1,411,New Customers
353,1,214.26,1,1,1,111,Lost Customers
93,3,234.6,2,3,1,231,Need Attention
28,1,126.14,4,1,1,411,New Customers
337,1,1044.65,1,1,4,114,Need Attention
19,18,7354.62,4,5,5,455,Champions
84,1,334.53,2,1,2,212,Lost Customers
8,3,524.88,5,3,3,533,Loyal Customers
50,2,467.51,3,2,2,322,Need Attention
49,2,538.55,3,2,3,323,Need Attention
1,1,454.48,5,1,2,512,Potential Loyalists
112,1,371.56,2,1,2,212,Lost Customers
13,7,1771.2,4,4,4,444,Champions
76,1,454.11,2,1,2,212,Lost Customers
39,2,1399.92,3,2,4,324,Need Attention
115,1,905.5,2,1,3,213,Need Attention
15,12,10879.76,4,5,5,455,Champions
160,4,225.26,2,3,1,231,Need Attention
0,4,3590.41,5,3,5,535,Loyal Customers
29,3,2564.5,4,3,5,435,Loyal Customers
92,1,91.32000000000001,2,1,1,211,Lost Customers
22,3,1134.28,4,3,4,434,Loyal Customers
94,6,3100.09,2,4,5,245,At Risk
27,2,659.46,4,2,3,423,Potential Loyalists
32,5,1953.41,4,4,4,444,Champions
20,2,1280.58,4,2,4,424,Potential Loyalists
17,2,1262.2,4,2,4,424,Potential Loyalists
2,27,13316.4,5,5,5,555,Champions
7,4,1131.56,5,3,4,534,Loyal Customers
15,12,10384.93,4,5,5,455,Champions
362,1,141.04,1,1,1,111,Lost Customers
80,1,52.83,2,1,1,211,Lost Customers
52,5,3610.96,3,4,5,345,Loyal Customers
22,3,972.08,4,3,4,434,Loyal Customers
171,1,475.86,2,1,2,212,Lost Customers
188,6,1000.27,1,4,4,144,At Risk
330,1,250.0,1,1,2,112,Lost Customers
11,5,900.53,5,4,3,543,Loyal Customers
155,2,121.0,2,2,1,221,Lost Customers
32,19,14758.22,4,5,5,455,Champions
11,11,4023.7200000000003,5,5,5,555,Champions
44,3,62.43,3,3,1,331,Need Attention
232,1,267.03,1,1,2,112,Lost Customers
63,8,1921.55,3,4,4,344,Loyal Customers
1,1,343.5,5,1,2,512,Potential Loyalists
39,8,3000.2,3,4,5,345,Loyal Customers
32,2,397.99,4,2,2,422,Potential Loyalists
83,1,412.01000000000005,2,1,2,212,Lost Customers
24,1,440.0,4,1,2,412,Potential Loyalists
1,3,734.37,5,3,3,533,Loyal Customers
32,2,148.44,4,2,1,421,Need Attention
18,8,2428.53,4,4,5,445,Champions
253,1,229.33,1,1,1,111,Lost Customers
22,11,3962.6,4,5,5,455,Champions
21,4,1497.31,4,3,4,434,Loyal Customers
7,2,1972.39,5,2,4,524,Potential Loyalists
24,4,1564.73,4,3,4,434,Loyal Customers
18,3,807.57,4,3,3,433,Loyal Customers
172,4,502.9,2,3,3,233,At Risk
162,1,110.92,2,1,1,211,Lost Customers
6,1,538.46,5,1,3,513,Potential Loyalists
10,1,213.3,5,1,1,511,New Customers
113,1,85.13000000000001,2,1,1,211,Lost Customers
287,1,127.86,1,1,1,111,Lost Customers
8,9,3546.71,5,4,5,545,Champions
53,2,288.96999999999997,3,2,2,322,Need Attention
6,14,4910.6,5,5,5,555,Champions
76,3,1681.46,2,3,4,234,At Risk
3,4,575.63,5,3,3,533,Loyal Customers
36,1,436.06,3,1,2,312,Need Attention
216,1,90.12,1,1,1,111,Lost Customers
59,1,428.93,3,1,2,312,Need Attention
277,1,217.2,1,1,1,111,Lost Customers
11,16,4794.86,5,5,5,555,Champions
23,1,279.77,4,1,2,412,Potential Loyalists
28,1,468.91,4,1,2,412,Potential Loyalists
11,4,800.5899999999999,5,3,3,533,Loyal Customers
351,1,134.55,1,1,1,111,Lost Customers
21,4,1400.44,4,3,4,434,Loyal Customers
49,2,173.16000000000003,3,2,1,321,Need Attention
18,1,186.01,4,1,1,411,New Customers
2,3,758.29,5,3,3,533,Loyal Customers
103,5,1375.71,2,4,4,244,At Risk
6,12,4148.82,5,5,5,555,Champions
11,4,650.4300000000001,5,3,3,533,Loyal Customers
4,7,2533.42,5,4,5,545,Champions
31,2,591.1899999999999,4,2,3,423,Potential Loyalists
177,4,675.64,2,3,3,233,At Risk
37,1,921.37,3,1,3,313,Need Attention
150,3,258.88,2,3,2,232,Need Attention
161,1,127.1,2,1,1,211,Lost Customers
68,2,327.6,3,2,2,322,Need Attention
120,13,3675.77,2,5,5,255,At Risk
24,3,682.9100000000001,4,3,3,433,Loyal Customers
23,4,720.86,4,3,3,433,Loyal Customers
176,1,455.3,2,1,2,212,Lost Customers
49,4,913.68,3,3,3,333,Loyal Customers
255,3,478.53,1,3,2,132,Need Attention
46,1,388.58,3,1,2,312,Need Attention
70,1,199.8,3,1,1,311,Need Attention
15,5,1771.78,4,4,4,444,Champions
100,5,1406.59,2,4,4,244,At Risk
34,1,324.57,3,1,2,312,Need Attention
52,1,240.68,3,1,1,311,Need Attention
26,2,761.74,4,2,3,423,Potential Loyalists
10,14,6776.56,5,5,5,555,Champions
7,9,1297.8700000000001,5,4,4,544,Champions
78,1,48.480000000000004,2,1,1,211,Lost Customers
51,1,216.39000000000001,3,1,1,311,Need Attention
35,5,1198.23,3,4,4,344,Loyal Customers
60,9,2920.16,3,4,5,345,Loyal Customers
336,1,104.76,1,1,1,111,Lost Customers
27,4,1093.68,4,3,4,434,Loyal Customers
183,1,298.48,1,1,2,112,Lost Customers
51,1,112.46000000000001,3,1,1,311,Need Attention
9,13,1591.45,5,5,4,554,Champions
35,2,195.15,3,2,1,321,Need Attention
9,23,10399.74,5,5,5,555,Champions
32,4,776.851,4,3,3,433,Loyal Customers
10,1,336.4,5,1,2,512,Potential Loyalists
56,3,1553.18,3,3,4,334,Loyal Customers
3,4,1293.03,5,3,4,534,Loyal Customers
42,9,3709.56,3,4,5,345,Loyal Customers
140,1,301.03000000000003,2,1,2,212,Lost Customers
116,4,588.13,2,3,3,233,At Risk
103,4,1534.26,2,3,4,234,At Risk
74,2,675.8,2,2,3,223,Need Attention
4,9,2870.2400000000002,5,4,5,545,Champions
44,2,1186.35,3,2,4,324,Need Attention
15,8,3285.31,4,4,5,445,Champions
16,1,243.55,4,1,1,411,New Customers
89,2,724.76,2,2,3,223,Need Attention
52,1,223.36,3,1,1,311,Need Attention
133,1,425.32,2,1,2,212,Lost Customers
3,15,12416.11,5,5,5,555,Champions
104,4,1887.2,2,3,4,234,At Risk
191,3,664.0,1,3,3,133,At Risk
165,4,803.54,2,3,3,233,At Risk
18,1,612.01,4,1,3,413,Potential Loyalists
157,3,447.64000000000004,2,3,2,232,Need Attention
203,2,639.5,1,2,3,123,Need Attention
335,2,816.0,1,2,3,123,Need Attention
36,3,646.3,3,3,3,333,Loyal Customers
90,1,337.74,2,1,2,212,Lost Customers
92,2,877.44,2,2,3,223,Need Attention
8,2,922.53,5,2,3,523,Potential Loyalists
242,1,560.6700000000001,1,1,3,113,Need Attention
44,4,748.5,3,3,3,333,Loyal Customers
22,1,30.0,4,1,1,411,New Customers
189,5,1024.1000000000001,1,4,4,144,At Risk
43,1,306.45,3,1,2,312,Need Attention
24,9,1600.86,4,4,4,444,Champions
316,2,309.8,1,2,2,122,Lost Customers
105,1,138.14,2,1,1,211,Lost Customers
50,1,386.43,3,1,2,312,Need Attention
167,2,2222.21,2,2,5,225,Need Attention
39,1,301.32000000000005,3,1,2,312,Need Attention
217,1,76.32000000000001,1,1,1,111,Lost Customers
39,4,684.34,3,3,3,333,Loyal Customers
296,1,173.05,1,1,1,111,Lost Customers
18,7,2657.13,4,4,5,445,Champions
87,4,2726.23,2,3,5,235,At Risk
72,5,2446.6,2,4,5,245,At Risk
80,3,323.69,2,3,2,232,Need Attention
18,3,3435.76,4,3,5,435,Loyal Customers
48,1,657.23,3,1,3,313,Need Attention
52,1,352.7,3,1,2,312,Need Attention
23,4,781.28,4,3,3,433,Loyal Customers
8,3,1333.68,5,3,4,534,Loyal Customers
24,5,1426.16,4,4,4,444,Champions
116,1,193.75,2,1,1,211,Lost Customers
8,9,2993.1,5,4,5,545,Champions
119,2,254.1,2,2,2,222,Lost Customers
3,2,239.76,5,2,1,521,Need Attention
251,1,136.8,1,1,1,111,Lost Customers
27,1,191.04,4,1,1,411,New Customers
0,14,6479.4,5,5,5,555,Champions
266,2,409.98,1,2,2,122,Lost Customers
32,8,2711.11,4,4,5,445,Champions
17,1,309.65,4,1,2,412,Potential Loyalists
171,2,696.68,2,2,3,223,Need Attention
1,4,1529.0,5,3,4,534,Loyal Customers
264,1,211.5,1,1,1,111,Lost Customers
139,4,2293.62,2,3,5,235,At Risk
200,1,143.1,1,1,1,111,Lost Customers
63,4,1060.56,3,3,4,334,Loyal Customers
34,4,916.98,3,3,3,333,Loyal Customers
40,7,3235.25,3,4,5,345,Loyal Customers
283,1,133.25,1,1,1,111,Lost Customers
8,5,1072.3600000000001,5,4,4,544,Champions
142,2,356.7,2,2,2,222,Lost Customers
11,2,330.03000000000003,5,2,2,522,Potential Loyalists
145,4,1101.11,2,3,4,234,At Risk
233,1,150.3,1,1,1,111,Lost Customers
32,13,5030.07,4,5,5,455,Champions
23,1,598.73,4,1,3,413,Potential Loyalists
11,1,471.40000000000003,5,1,2,512,Potential Loyalists
35,5,2211.21,3,4,5,345,Loyal Customers
364,1,190.70000000000002,1,1,1,111,Lost Customers
200,2,218.25,1,2,1,121,Lost Customers
14,1,415.25,4,1,2,412,Potential Loyalists
16,7,5159.06,4,4,5,445,Champions
212,1,85.0,1,1,1,111,Lost Customers
65,3,1120.88,3,3,4,334,Loyal Customers
211,2,294.12,1,2,2,122,Lost Customers
282,1,162.3,1,1,1,111,Lost Customers
114,2,1339.45,2,2,4,224,Need Attention
14,8,1188.1200000000001,4,4,4,444,Champions
18,16,4812.42,4,5,5,455,Champions
65,1,449.12,3,1,2,312,Need Attention
48,1,154.88,3,1,1,311,Need Attention
15,4,775.96,4,3,3,433,Loyal Customers
77,1,34.8,2,1,1,211,Lost Customers
18,4,1094.5900000000001,4,3,4,434,Loyal Customers
133,1,196.88,2,1,1,211,Lost Customers
12,3,946.64,5,3,4,534,Loyal Customers
39,1,144.36,3,1,1,311,Need Attention
234,3,44534.3,1,3,5,135,At Risk
2,8,2463.05,5,4,5,545,Champions
39,7,2626.6,3,4,5,345,Loyal Customers
304,1,79.2,1,1,1,111,Lost Customers
50,3,458.57,3,3,2,332,Need Attention
9,6,2364.25,5,4,5,545,Champions
60,4,528.01,3,3,3,333,Loyal Customers
65,2,714.42,3,2,3,323,Need Attention
24,1,205.25,4,1,1,411,New Customers
217,3,253.04000000000002,1,3,2,132,Need Attention
64,2,583.75,3,2,3,323,Need Attention
31,2,1086.92,4,2,4,424,Potential Loyalists
87,6,3279.9700000000003,2,4,5,245,At Risk
63,1,315.06,3,1,2,312,Need Attention
115,3,621.83,2,3,3,233,At Risk
6,26,56252.72,5,5,5,555,Champions
5,1,635.6800000000001,5,1,3,513,Potential Loyalists
68,1,270.8,3,1,2,312,Need Attention
244,1,104.9,1,1,1,111,Lost Customers
132,1,241.62,2,1,1,211,Lost Customers
240,4,1047.1100000000001,1,3,4,134,At Risk
183,3,475.28000000000003,1,3,2,132,Need Attention
24,3,345.46000000000004,4,3,2,432,Need Attention
9,3,2614.74,5,3,5,535,Loyal Customers
10,1,246.3,5,1,1,511,New Customers
32,5,2328.9700000000003,4,4,5,445,Champions
45,3,4919.0,3,3,5,335,Loyal Customers
25,3,933.26,4,3,3,433,Loyal Customers
357,1,351.3,1,1,2,112,Lost Customers
9,1,218.75,5,1,1,511,New Customers
43,2,1612.69,3,2,4,324,Need Attention
14,3,965.61,4,3,4,434,Loyal Customers
149,1,610.01,2,1,3,213,Need Attention
0,8,2708.61,5,4,5,545,Champions
112,4,2207.4,2,3,5,235,At Risk
75,3,884.14,2,3,3,233,At Risk
106,2,696.89,2,2,3,223,Need Attention
45,3,1063.95,3,3,4,334,Loyal Customers
142,1,451.42,2,1,2,212,Lost Customers
50,1,415.82000000000005,3,1,2,312,Need Attention
0,13,4206.39,5,5,5,555,Champions
22,17,5488.18,4,5,5,455,Champions
45,3,784.58,3,3,3,333,Loyal Customers
49,3,903.9,3,3,3,333,Loyal Customers
305,4,3651.27,1,3,5,135,At Risk
35,5,515.77,3,4,3,343,Loyal Customers
78,4,1391.98,2,3,4,234,At Risk
21,6,2218.62,4,4,5,445,Champions
106,5,1801.14,2,4,4,244,At Risk
207,2,1303.9099999999999,1,2,4,124,Need Attention
16,4,1945.3300000000002,4,3,4,434,Loyal Customers
63,5,2100.6,3,4,5,345,Loyal Customers
48,4,1905.45,3,3,4,334,Loyal Customers
319,1,206.98,1,1,1,111,Lost Customers
43,2,570.96,3,2,3,323,Need Attention
2,2,885.47,5,2,3,523,Potential Loyalists
371,1,15.0,1,1,1,111,Lost Customers
171,1,532.94,2,1,3,213,Need Attention
55,3,1654.31,3,3,4,334,Loyal Customers
72,14,1836.09,2,5,4,254,At Risk
98,2,636.14,2,2,3,223,Need Attention
37,1,576.0,3,1,3,313,Need Attention
57,3,794.64,3,3,3,333,Loyal Customers
253,1,836.79,1,1,3,113,Need Attention
69,4,2225.15,3,3,5,335,Loyal Customers
43,4,954.09,3,3,4,334,Loyal Customers
49,1,137.37,3,1,1,311,Need Attention
64,1,391.98,3,1,2,312,Need Attention
10,19,33643.08,5,5,5,555,Champions
32,3,1048.49,4,3,4,434,Loyal Customers
58,2,355.56,3,2,2,322,Need Attention
72,4,1224.06,2,3,4,234,At Risk
303,1,118.95,1,1,1,111,Lost Customers
45,1,130.73999999999998,3,1,1,311,Need Attention
17,8,3711.77,4,4,5,445,Champions
37,2,389.27,3,2,2,322,Need Attention
18,2,234.88,4,2,1,421,Need Attention
186,2,160.71,1,2,1,121,Lost Customers
51,1,110.8,3,1,1,311,Need Attention
3,12,2969.12,5,5,5,555,Champions
136,5,712.24,2,4,3,243,At Risk
3,27,16143.64,5,5,5,555,Champions
18,1,297.0,4,1,2,412,Potential Loyalists
15,5,1427.57,4,4,4,444,Champions
40,8,965.16,3,4,4,344,Loyal Customers
11,8,3146.92,5,4,5,545,Champions
7,4,832.88,5,3,3,533,Loyal Customers
25,2,68.84,4,2,1,421,Need Attention
21,6,1936.32,4,4,4,444,Champions
40,3,895.13,3,3,3,333,Loyal Customers
100,1,211.89,2,1,1,211,Lost Customers
4,15,3810.14,5,5,5,555,Champions
276,2,149.64,1,2,1,121,Lost Customers
32,1,351.44,4,1,2,412,Potential Loyalists
14,2,316.25,4,2,2,422,Potential Loyalists
63,7,4405.88,3,4,5,345,Loyal Customers
1,2,490.33,5,2,3,523,Potential Loyalists
368,1,329.03,1,1,2,112,Lost Customers
311,5,501.39,1,4,3,143,At Risk
198,4,516.36,1,3,3,133,At Risk
1,2,396.48,5,2,2,522,Potential Loyalists
92,3,379.35,2,3,2,232,Need Attention
59,1,181.09,3,1,1,311,Need Attention
80,1,168.31,2,1,1,211,Lost Customers
156,2,420.07,2,2,2,222,Lost Customers
226,1,511.68,1,1,3,113,Need Attention
252,2,258.25,1,2,2,122,Lost Customers
149,1,179.17,2,1,1,211,Lost Customers
193,2,208.59,1,2,1,121,Lost Customers
0,5,1383.83,5,4,4,544,Champions
368,1,56.25,1,1,1,111,Lost Customers
23,1,337.28000000000003,4,1,2,412,Potential Loyalists
16,3,351.73,4,3,2,432,Need Attention
9,7,5126.76,5,4,5,545,Champions
7,1,164.68,5,1,1,511,New Customers
19,7,1567.69,4,4,4,444,Champions
3,3,882.72,5,3,3,533,Loyal Customers
173,1,191.94,2,1,1,211,Lost Customers
0,8,1228.88,5,4,4,544,Champions
177,2,264.62,2,2,2,222,Lost Customers
15,8,1502.8600000000001,4,4,4,444,Champions
247,1,123.1,1,1,1,111,Lost Customers
190,2,334.23,1,2,2,122,Lost Customers
19,2,525.69,4,2,3,423,Potential Loyalists
153,4,167.5,2,3,1,231,Need Attention
172,1,323.03000000000003,2,1,2,212,Lost Customers
372,1,369.5,1,1,2,112,Lost Customers
372,1,127.08,1,1,1,111,Lost Customers
193,1,207.15,1,1,1,111,Lost Customers
66,1,426.63,3,1,2,312,Need Attention
3,8,2495.87,5,4,5,545,Champions
20,3,1107.46,4,3,4,434,Loyal Customers
238,2,416.86,1,2,2,122,Lost Customers
63,1,145.35000000000002,3,1,1,311,Need Attention
111,5,404.58000000000004,2,4,2,242,Need Attention
89,15,6115.01,2,5,5,255,At Risk
310,1,35.8,1,1,1,111,Lost Customers
133,1,337.44,2,1,2,212,Lost Customers
276,1,325.1,1,1,2,112,Lost Customers
364,1,181.0,1,1,1,111,Lost Customers
82,1,1708.24,2,1,4,214,Need Attention
7,2,955.24,5,2,4,524,Potential Loyalists
16,2,364.72,4,2,2,422,Potential Loyalists
31,4,1744.71,4,3,4,434,Loyal Customers
8,2,708.22,5,2,3,523,Potential Loyalists
33,4,781.91,3,3,3,333,Loyal Customers
14,8,1657.28,4,4,4,444,Champions
23,14,4416.26,4,5,5,455,Champions
31,1,428.89,4,1,2,412,Potential Loyalists
73,1,104.35,2,1,1,211,Lost Customers
19,2,470.76,4,2,2,422,Potential Loyalists
16,4,808.87,4,3,3,433,Loyal Customers
22,2,397.68,4,2,2,422,Potential Loyalists
2,3,666.1,5,3,3,533,Loyal Customers
303,1,314.09999999999997,1,1,2,112,Lost Customers
17,12,4199.85,4,5,5,455,Champions
366,1,307.82000000000005,1,1,2,112,Lost Customers
38,7,3442.15,3,4,5,345,Loyal Customers
83,1,371.01,2,1,2,212,Lost Customers
164,2,427.64,2,2,2,222,Lost Customers
16,2,1054.73,4,2,4,424,Potential Loyalists
76,1,1098.78,2,1,4,214,Need Attention
88,3,2398.86,2,3,5,235,At Risk
24,8,3408.48,4,4,5,445,Champions
21,4,1465.12,4,3,4,434,Loyal Customers
2,10,2780.63,5,4,5,545,Champions
122,2,1142.42,2,2,4,224,Need Attention
29,1,168.12,4,1,1,411,New Customers
11,7,1432.77,5,4,4,544,Champions
18,1,156.78,4,1,1,411,New Customers
43,2,792.11,3,2,3,323,Need Attention
3,1,41.989999999999995,5,1,1,511,New Customers
8,7,2777.67,5,4,5,545,Champions
54,1,414.27,3,1,2,312,Need Attention
87,6,1032.58,2,4,4,244,At Risk
36,5,3080.22,3,4,5,345,Loyal Customers
2,3,12393.7,5,3,5,535,Loyal Customers
29,5,2735.37,4,4,5,445,Champions
11,4,578.71,5,3,3,533,Loyal Customers
210,1,101.4,1,1,1,111,Lost Customers
47,4,1693.81,3,3,4,334,Loyal Customers
23,3,478.78,4,3,2,432,Need Attention
21,4,972.11,4,3,4,434,Loyal Customers
245,3,392.4,1,3,2,132,Need Attention
7,16,3352.96,5,5,5,555,Champions
34,3,1415.29,3,3,4,334,Loyal Customers
3,47,37130.6,5,5,5,555,Champions
37,3,646.83,3,3,3,333,Loyal Customers
3,3,704.55,5,3,3,533,Loyal Customers
2,8,1465.51,5,4,4,544,Champions
46,1,211.88,3,1,1,311,Need Attention
38,2,408.9,3,2,2,322,Need Attention
46,9,3786.24,3,4,5,345,Loyal Customers
16,3,851.01,4,3,3,433,Loyal Customers
259,1,602.63,1,1,3,113,Need Attention
45,3,719.81,3,3,3,333,Loyal Customers
11,1,251.03,5,1,2,512,Potential Loyalists
29,1,439.65999999999997,4,1,2,412,Potential Loyalists
42,1,236.09,3,1,1,311,Need Attention
91,6,934.62,2,4,4,244,At Risk
38,63,80850.84,3,5,5,355,Loyal Customers
309,1,331.24,1,1,2,112,Lost Customers
91,2,547.9,2,2,3,223,Need Attention
5,20,8778.82,5,5,5,555,Champions
195,3,437.70000000000005,1,3,2,132,Need Attention
86,2,758.9200000000001,2,2,3,223,Need Attention
269,3,855.02,1,3,3,133,At Risk
7,3,471.78,5,3,2,532,Need Attention
64,3,1313.55,3,3,4,334,Loyal Customers
30,3,3166.4,4,3,5,435,Loyal Customers
21,5,1177.47,4,4,4,444,Champions
37,4,773.99,3,3,3,333,Loyal Customers
119,4,1340.7,2,3,4,234,At Risk
372,2,256.44,1,2,2,122,Lost Customers
39,3,1074.81,3,3,4,334,Loyal Customers
173,1,137.9,2,1,1,211,Lost Customers
53,1,362.06,3,1,2,312,Need Attention
32,2,1511.95,4,2,4,424,Potential Loyalists
144,1,783.9,2,1,3,213,Need Attention
220,1,134.8,1,1,1,111,Lost Customers
44,1,650.75,3,1,3,313,Need Attention
15,7,2263.12,4,4,5,445,Champions
65,6,1453.16,3,4,4,344,Loyal Customers
9,4,1153.62,5,3,4,534,Loyal Customers
259,1,335.32,1,1,2,112,Lost Customers
364,1,367.14,1,1,2,112,Lost Customers
16,5,1521.04,4,4,4,444,Champions
21,2,852.15,4,2,3,423,Potential Loyalists
44,1,326.24,3,1,2,312,Need Attention
287,1,584.3199999999999,1,1,3,113,Need Attention
296,1,122.4,1,1,1,111,Lost Customers
2,10,2234.73,5,4,5,545,Champions
283,1,79.2,1,1,1,111,Lost Customers
16,3,1352.0,4,3,4,434,Loyal Customers
81,2,217.16,2,2,1,221,Lost Customers
55,5,2799.42,3,4,5,345,Loyal Customers
100,2,1317.62,2,2,4,224,Need Attention
298,1,436.18,1,1,2,112,Lost Customers
22,5,981.51,4,4,4,444,Champions
58,5,1121.39,3,4,4,344,Loyal Customers
154,2,315.06,2,2,2,222,Lost Customers
114,3,817.86,2,3,3,233,At Risk
106,1,17.0,2,1,1,211,Lost Customers
11,4,1078.23,5,3,4,534,Loyal Customers
263,1,320.62,1,1,2,112,Lost Customers
239,1,185.04999999999998,1,1,1,111,Lost Customers
87,7,2005.63,2,4,4,244,At Risk
49,3,731.9,3,3,3,333,Loyal Customers
70,1,1290.7,3,1,4,314,Need Attention
41,3,1842.14,3,3,4,334,Loyal Customers
6,6,1429.64,5,4,4,544,Champions
61,1,298.21,3,1,2,312,Need Attention
248,1,336.96,1,1,2,112,Lost Customers
65,1,108.38,3,1,1,311,Need Attention
17,7,3204.1600000000003,4,4,5,445,Champions
84,1,842.5,2,1,3,213,Need Attention
218,2,611.88,1,2,3,123,Need Attention
44,3,1320.95,3,3,4,334,Loyal Customers
142,4,195.74,2,3,1,231,Need Attention
182,1,161.38,1,1,1,111,Lost Customers
170,1,135.75000000000003,2,1,1,211,Lost Customers
9,8,1660.8799999999999,5,4,4,544,Champions
211,1,612.78,1,1,3,113,Need Attention
189,1,232.21,1,1,1,111,Lost Customers
7,2,423.36,5,2,2,522,Potential Loyalists
58,4,1309.14,3,3,4,334,Loyal Customers
56,2,854.66,3,2,3,323,Need Attention
72,4,684.42,2,3,3,233,At Risk
51,1,307.78000000000003,3,1,2,312,Need Attention
316,1,249.0,1,1,1,111,Lost Customers
366,1,289.35,1,1,2,112,Lost Customers
28,4,6287.77,4,3,5,435,Loyal Customers
38,1,656.25,3,1,3,313,Need Attention
17,5,1880.22,4,4,4,444,Champions
51,6,3506.54,3,4,5,345,Loyal Customers
3,33,14589.04,5,5,5,555,Champions
21,2,618.09,4,2,3,423,Potential Loyalists
262,1,517.55,1,1,3,113,Need Attention
59,3,709.38,3,3,3,333,Loyal Customers
18,3,635.4100000000001,4,3,3,433,Loyal Customers
65,2,725.1800000000001,3,2,3,323,Need Attention
87,1,620.4,2,1,3,213,Need Attention
249,1,535.34,1,1,3,113,Need Attention
2,6,2424.94,5,4,5,545,Champions
246,1,175.2,1,1,1,111,Lost Customers
8,11,3799.4900000000002,5,5,5,555,Champions
156,3,734.13,2,3,3,233,At Risk
133,1,375.0,2,1,2,212,Lost Customers
295,1,76.32000000000001,1,1,1,111,Lost Customers
4,2,280.52,5,2,2,522,Potential Loyalists
42,5,2053.02,3,4,4,344,Loyal Customers
268,1,1829.04,1,1,4,114,Need Attention
49,5,1824.23,3,4,4,344,Loyal Customers
8,9,3092.04,5,4,5,545,Champions
15,3,656.69,4,3,3,433,Loyal Customers
281,1,348.2,1,1,2,112,Lost Customers
64,2,1025.44,3,2,4,324,Need Attention
1,19,5533.67,5,5,5,555,Champions
251,1,37.4,1,1,1,111,Lost Customers
231,2,856.6,1,2,3,123,Need Attention
16,3,822.48,4,3,3,433,Loyal Customers
10,27,3787.6,5,5,5,555,Champions
7,4,1822.97,5,3,4,534,Loyal Customers
50,6,1885.05,3,4,4,344,Loyal Customers
58,1,73.19999999999999,3,1,1,311,Need Attention
94,5,1140.21,2,4,4,244,At Risk
15,6,1418.32,4,4,4,444,Champions
125,3,1009.55,2,3,4,234,At Risk
93,4,1037.5900000000001,2,3,4,234,At Risk
49,1,331.95,3,1,2,312,Need Attention
137,1,197.9,2,1,1,211,Lost Customers
60,1,215.83,3,1,1,311,Need Attention
99,8,10254.18,2,4,5,245,At Risk
72,1,305.54,2,1,2,212,Lost Customers
71,4,6617.65,3,3,5,335,Loyal Customers
66,1,338.71000000000004,3,1,2,312,Need Attention
63,6,1158.79,3,4,4,344,Loyal Customers
16,2,529.41,4,2,3,423,Potential Loyalists
22,12,4006.94,4,5,5,455,Champions
31,15,6911.4400000000005,4,5,5,455,Champions
44,4,981.86,3,3,4,334,Loyal Customers
15,2,215.48,4,2,1,421,Need Attention
39,1,215.08,3,1,1,311,Need Attention
2,13,5180.52,5,5,5,555,Champions
236,1,314.45,1,1,2,112,Lost Customers
74,1,400.68100000000004,2,1,2,212,Lost Customers
3,2,1068.8700000000001,5,2,4,524,Potential Loyalists
2,4,1863.47,5,3,4,534,Loyal Customers
360,1,365.27,1,1,2,112,Lost Customers
58,4,592.9,3,3,3,333,Loyal Customers
22,1,384.18,4,1,2,412,Potential Loyalists
30,4,757.63,4,3,3,433,Loyal Customers
54,4,537.0600000000001,3,3,3,333,Loyal Customers
24,1,394.38,4,1,2,412,Potential Loyalists
44,2,664.26,3,2,3,323,Need Attention
88,5,2262.62,2,4,5,245,At Risk
1,18,21086.3,5,5,5,555,Champions
88,1,547.02,2,1,3,213,Need Attention
18,2,690.34,4,2,3,423,Potential Loyalists
78,1,159.0,2,1,1,211,Lost Customers
170,3,1062.75,2,3,4,234,At Risk
80,1,242.35,2,1,1,211,Lost Customers
266,1,914.9300000000001,1,1,3,113,Need Attention
234,2,304.25,1,2,2,122,Lost Customers
29,7,3084.68,4,4,5,445,Champions
36,3,860.86,3,3,3,333,Loyal Customers
317,1,773.55,1,1,3,113,Need Attention
56,4,1295.3,3,3,4,334,Loyal Customers
44,5,1096.32,3,4,4,344,Loyal Customers
202,3,255.12,1,3,2,132,Need Attention
224,1,314.22,1,1,2,112,Lost Customers
86,2,1010.6,2,2,4,224,Need Attention
189,2,542.03,1,2,3,123,Need Attention
43,4,990.88,3,3,4,334,Loyal Customers
70,3,536.6800000000001,3,3,3,333,Loyal Customers
40,5,867.3100000000001,3,4,3,343,Loyal Customers
77,1,432.2,2,1,2,212,Lost Customers
56,2,414.2,3,2,2,322,Need Attention
23,2,3718.8,4,2,5,425,Potential Loyalists
9,13,2590.31,5,5,5,555,Champions
7,7,3579.86,5,4,5,545,Champions
33,2,409.1,3,2,2,322,Need Attention
211,2,1522.75,1,2,4,124,Need Attention
23,3,1413.66,4,3,4,434,Loyal Customers
169,1,114.56,2,1,1,211,Lost Customers
61,1,152.94,3,1,1,311,Need Attention
52,5,1800.07,3,4,4,344,Loyal Customers
260,2,389.44,1,2,2,122,Lost Customers
66,2,3683.86,3,2,5,325,Need Attention
16,8,2619.91,4,4,5,445,Champions
266,1,752.4300000000001,1,1,3,113,Need Attention
176,1,46.95,2,1,1,211,Lost Customers
44,5,5203.51,3,4,5,345,Loyal Customers
50,1,1035.45,3,1,4,314,Need Attention
16,4,728.54,4,3,3,433,Loyal Customers
8,9,5447.0,5,4,5,545,Champions
73,7,861.89,2,4,3,243,At Risk
70,2,667.65,3,2,3,323,Need Attention
352,1,1141.24,1,1,4,114,Need Attention
2,5,1404.64,5,4,4,544,Champions
116,1,411.7,2,1,2,212,Lost Customers
372,1,351.75,1,1,2,112,Lost Customers
196,1,559.87,1,1,3,113,Need Attention
176,1,810.6,2,1,3,213,Need Attention
99,1,566.38,2,1,3,213,Need Attention
20,3,1502.78,4,3,4,434,Loyal Customers
71,1,2062.06,3,1,5,315,Need Attention
339,1,168.3,1,1,1,111,Lost Customers
5,5,1570.81,5,4,4,544,Champions
30,2,812.68,4,2,3,423,Potential Loyalists
169,1,142.5,2,1,1,211,Lost Customers
121,1,302.25,2,1,2,212,Lost Customers
21,10,2248.9900000000002,4,4,5,445,Champions
9,4,1328.55,5,3,4,534,Loyal Customers
268,1,301.9,1,1,2,112,Lost Customers
22,3,598.2,4,3,3,433,Loyal Customers
126,1,233.22,2,1,1,211,Lost Customers
25,3,5360.63,4,3,5,435,Loyal Customers
138,1,361.22,2,1,2,212,Lost Customers
213,6,632.27,1,4,3,143,At Risk
37,4,2560.0,3,3,5,335,Loyal Customers
105,2,706.57,2,2,3,223,Need Attention
17,2,616.26,4,2,3,423,Potential Loyalists
2,2,274.15000000000003,5,2,2,522,Potential Loyalists
330,1,226.37,1,1,1,111,Lost Customers
63,8,2938.91,3,4,5,345,Loyal Customers
119,3,1341.65,2,3,4,234,At Risk
34,1,328.15000000000003,3,1,2,312,Need Attention
217,1,404.40000000000003,1,1,2,112,Lost Customers
171,2,1038.46,2,2,4,224,Need Attention
71,5,373.65000000000003,3,4,2,342,Need Attention
0,2,326.75,5,2,2,522,Potential Loyalists
195,1,207.50000000000003,1,1,1,111,Lost Customers
127,3,408.59000000000003,2,3,2,232,Need Attention
46,3,594.24,3,3,3,333,Loyal Customers
5,14,3039.2200000000003,5,5,5,555,Champions
13,6,3820.27,4,4,5,445,Champions
17,3,251.91,4,3,2,432,Need Attention
27,7,1582.8,4,4,4,444,Champions
7,22,26626.8,5,5,5,555,Champions
36,1,151.05,3,1,1,311,Need Attention
156,1,214.8,2,1,1,211,Lost Customers
283,1,94.05,1,1,1,111,Lost Customers
106,1,534.31,2,1,3,213,Need Attention
24,4,1971.8700000000001,4,3,4,434,Loyal Customers
74,4,322.41,2,3,2,232,Need Attention
15,2,328.58,4,2,2,422,Potential Loyalists
157,1,101.10000000000001,2,1,1,211,Lost Customers
43,1,565.46,3,1,3,313,Need Attention
10,2,847.45,5,2,3,523,Potential Loyalists
31,7,1415.65,4,4,4,444,Champions
290,1,53.5,1,1,1,111,Lost Customers
20,4,1116.47,4,3,4,434,Loyal Customers
332,1,153.9,1,1,1,111,Lost Customers
17,2,494.44,4,2,3,423,Potential Loyalists
3,23,6675.71,5,5,5,555,Champions
62,2,395.8,3,2,2,322,Need Attention
197,3,211.77,1,3,1,131,Need Attention
32,3,658.88,4,3,3,433,Loyal Customers
0,4,2027.5,5,3,4,534,Loyal Customers
6,9,1750.92,5,4,4,544,Champions
4,6,3450.41,5,4,5,545,Champions
9,4,891.21,5,3,3,533,Loyal Customers
31,5,709.99,4,4,3,443,Loyal Customers
52,1,109.36000000000001,3,1,1,311,Need Attention
11,2,705.79,5,2,3,523,Potential Loyalists
17,9,1540.42,4,4,4,444,Champions
18,1,327.3,4,1,2,412,Potential Loyalists
36,2,800.67,3,2,3,323,Need Attention
1,2,479.91,5,2,2,522,Potential Loyalists
17,3,1545.41,4,3,4,434,Loyal Customers
81,4,1301.91,2,3,4,234,At Risk
32,2,355.73,4,2,2,422,Potential Loyalists
65,2,466.73,3,2,2,322,Need Attention
8,2,974.96,5,2,4,524,Potential Loyalists
266,1,676.2,1,1,3,113,Need Attention
246,3,362.95,1,3,2,132,Need Attention
3,4,2157.4,5,3,5,535,Loyal Customers
60,1,1743.1499999999999,3,1,4,314,Need Attention
74,2,643.76,2,2,3,223,Need Attention
89,2,584.5,2,2,3,223,Need Attention
59,3,554.86,3,3,3,333,Loyal Customers
28,2,302.57,4,2,2,422,Potential Loyalists
322,1,94.36,1,1,1,111,Lost Customers
52,4,1382.0700000000002,3,3,4,334,Loyal Customers
269,1,217.89000000000001,1,1,1,111,Lost Customers
1,13,3040.96,5,5,5,555,Champions
56,5,1555.34,3,4,4,344,Loyal Customers
60,5,1482.06,3,4,4,344,Loyal Customers
153,2,1705.8,2,2,4,224,Need Attention
18,2,408.02,4,2,2,422,Potential Loyalists
94,1,303.93,2,1,2,212,Lost Customers
0,12,4098.32,5,5,5,555,Champions
264,2,293.45,1,2,2,122,Lost Customers
311,1,177.5,1,1,1,111,Lost Customers
69,1,443.05,3,1,2,312,Need Attention
301,2,167.25,1,2,1,121,Lost Customers
18,1,154.35,4,1,1,411,New Customers
12,10,2079.68,5,4,5,545,Champions
35,5,2022.98,3,4,4,344,Loyal Customers
18,2,211.7,4,2,1,421,Need Attention
53,1,135.99,3,1,1,311,Need Attention
56,1,262.2,3,1,2,312,Need Attention
21,2,126.25,4,2,1,421,Need Attention
43,1,200.27,3,1,1,311,Need Attention
26,3,1051.4,4,3,4,434,Loyal Customers
44,3,631.12,3,3,3,333,Loyal Customers
112,6,958.71,2,4,4,244,At Risk
16,51,34684.4,4,5,5,455,Champions
24,1,346.12,4,1,2,412,Potential Loyalists
190,1,133.56,1,1,1,111,Lost Customers
301,1,302.7,1,1,2,112,Lost Customers
1,10,1863.76,5,4,4,544,Champions
262,2,241.06,1,2,1,121,Lost Customers
105,1,284.55,2,1,2,212,Lost Customers
56,1,300.85,3,1,2,312,Need Attention
212,3,623.28,1,3,3,133,At Risk
63,1,287.40000000000003,3,1,2,312,Need Attention
27,1,184.26,4,1,1,411,New Customers
28,7,1511.8,4,4,4,444,Champions
5,5,798.35,5,4,3,543,Loyal Customers
7,5,3640.67,5,4,5,545,Champions
66,2,381.2,3,2,2,322,Need Attention
1,3,609.3,5,3,3,533,Loyal Customers
45,4,654.67,3,3,3,333,Loyal Customers
33,1,230.51,3,1,1,311,Need Attention
0,2,168472.5,5,2,5,525,Potential Loyalists
135,1,255.91,2,1,2,212,Lost Customers
197,1,182.99,1,1,1,111,Lost Customers
197,2,707.69,1,2,3,123,Need Attention
149,1,311.92,2,1,2,212,Lost Customers
87,1,266.97,2,1,2,212,Lost Customers
44,2,6.9,3,2,1,321,Need Attention
63,7,1841.18,3,4,4,344,Loyal Customers
98,5,2158.18,2,4,5,245,At Risk
217,1,208.36,1,1,1,111,Lost Customers
2,18,3482.7400000000002,5,5,5,555,Champions
27,3,811.23,4,3,3,433,Loyal Customers
177,1,142.92,2,1,1,211,Lost Customers
73,3,136.0,2,3,1,231,Need Attention
20,4,1422.4,4,3,4,434,Loyal Customers
19,3,1298.66,4,3,4,434,Loyal Customers
33,7,1595.96,3,4,4,344,Loyal Customers
73,1,74.9,2,1,1,211,Lost Customers
23,4,625.42,4,3,3,433,Loyal Customers
51,4,752.77,3,3,3,333,Loyal Customers
274,1,223.95000000000002,1,1,1,111,Lost Customers
164,3,316.11,2,3,2,232,Need Attention
6,7,1810.65,5,4,4,544,Champions
87,4,544.3,2,3,3,233,At Risk
63,7,2494.46,3,4,5,345,Loyal Customers
24,3,331.0,4,3,2,432,Need Attention
9,2,300.83,5,2,2,522,Potential Loyalists
75,1,769.29,2,1,3,213,Need Attention
15,1,220.62,4,1,1,411,New Customers
191,1,139.35,1,1,1,111,Lost Customers
173,2,404.3,2,2,2,222,Lost Customers
76,1,363.65,2,1,2,212,Lost Customers
32,3,498.8,4,3,3,433,Loyal Customers
46,1,731.5,3,1,3,313,Need Attention
79,4,1351.63,2,3,4,234,At Risk
296,1,826.53,1,1,3,113,Need Attention
2,3,648.26,5,3,3,533,Loyal Customers
8,3,1599.52,5,3,4,534,Loyal Customers
49,6,2965.69,3,4,5,345,Loyal Customers
160,2,100.97,2,2,1,221,Lost Customers
359,2,365.45,1,2,2,122,Lost Customers
4,6,400.86,5,4,2,542,Need Attention
106,4,1431.93,2,3,4,234,At Risk
24,1,465.88,4,1,2,412,Potential Loyalists
31,1,777.6,4,1,3,413,Potential Loyalists
19,2,90.30000000000001,4,2,1,421,Need Attention
296,1,363.70000000000005,1,1,2,112,Lost Customers
371,1,248.1,1,1,1,111,Lost Customers
21,3,918.33,4,3,3,433,Loyal Customers
4,4,874.59,5,3,3,533,Loyal Customers
51,5,1624.14,3,4,4,344,Loyal Customers
29,1,101.69999999999999,4,1,1,411,New Customers
276,1,162.70000000000002,1,1,1,111,Lost Customers
60,2,484.32,3,2,2,322,Need Attention
24,2,215.07999999999998,4,2,1,421,Need Attention
185,3,1046.57,1,3,4,134,At Risk
1,21,9418.470000000001,5,5,5,555,Champions
1,26,13027.45,5,5,5,555,Champions
171,1,290.36,2,1,2,212,Lost Customers
80,1,228.06,2,1,1,211,Lost Customers
3,1,244.41,5,1,1,511,New Customers
189,1,455.25,1,1,2,112,Lost Customers
21,7,1244.59,4,4,4,444,Champions
17,3,6748.8,4,3,5,435,Loyal Customers
18,3,1082.81,4,3,4,434,Loyal Customers
4,1,593.75,5,1,3,513,Potential Loyalists
109,1,548.12,2,1,3,213,Need Attention
2,4,1388.81,5,3,4,534,Loyal Customers
53,1,119.62,3,1,1,311,Need Attention
164,1,339.3,2,1,2,212,Lost Customers
290,2,787.15,1,2,3,123,Need Attention
9,10,4034.9,5,4,5,545,Champions
108,5,2298.97,2,4,5,245,At Risk
95,3,922.12,2,3,3,233,At Risk
242,2,379.73,1,2,2,122,Lost Customers
162,12,5719.82,2,5,5,255,At Risk
41,3,837.1,3,3,3,333,Loyal Customers
34,2,285.89,3,2,2,322,Need Attention
66,7,3313.79,3,4,5,345,Loyal Customers
23,2,281.85,4,2,2,422,Potential Loyalists
0,20,8338.49,5,5,5,555,Champions
26,2,841.41,4,2,3,423,Potential Loyalists
5,2,511.12,5,2,3,523,Potential Loyalists
53,1,1077.74,3,1,4,314,Need Attention
363,1,173.7,1,1,1,111,Lost Customers
14,5,614.66,4,4,3,443,Loyal Customers
193,2,865.6,1,2,3,123,Need Attention
2,1,124.2,5,1,1,511,New Customers
14,10,3738.4,4,4,5,445,Champions
26,3,1421.69,4,3,4,434,Loyal Customers
126,3,1009.6,2,3,4,234,At Risk
84,2,663.61,2,2,3,223,Need Attention
70,1,451.44,3,1,2,312,Need Attention
182,1,105.84,1,1,1,111,Lost Customers
112,1,313.62,2,1,2,212,Lost Customers
373,1,233.45,1,1,1,111,Lost Customers
79,2,936.08,2,2,4,224,Need Attention
248,1,463.95,1,1,2,112,Lost Customers
231,1,225.15,1,1,1,111,Lost Customers
70,3,459.24,3,3,2,332,Need Attention
68,1,213.5,3,1,1,311,Need Attention
3,16,4113.68,5,5,5,555,Champions
50,3,330.03,3,3,2,332,Need Attention
74,1,181.09,2,1,1,211,Lost Customers
60,1,360.16,3,1,2,312,Need Attention
15,2,250.15,4,2,2,422,Potential Loyalists
3,1,90.04,5,1,1,511,New Customers
285,1,145.05,1,1,1,111,Lost Customers
3,6,813.52,5,4,3,543,Loyal Customers
40,1,242.7,3,1,1,311,Need Attention
35,1,528.08,3,1,3,313,Need Attention
74,2,482.47,2,2,2,222,Lost Customers
17,14,3347.71,4,5,5,455,Champions
14,7,5493.46,4,4,5,445,Champions
218,1,75.66,1,1,1,111,Lost Customers
185,1,129.49,1,1,1,111,Lost Customers
32,4,1187.66,4,3,4,434,Loyal Customers
69,1,618.59,3,1,3,313,Need Attention
182,1,506.19,1,1,3,113,Need Attention
14,2,500.42,4,2,3,423,Potential Loyalists
235,1,151.85,1,1,1,111,Lost Customers
30,5,2647.59,4,4,5,445,Champions
263,1,226.21,1,1,1,111,Lost Customers
3,2,178.96,5,2,1,521,Need Attention
51,4,813.48,3,3,3,333,Loyal Customers
245,1,129.45000000000002,1,1,1,111,Lost Customers
80,2,810.57,2,2,3,223,Need Attention
274,1,333.08,1,1,2,112,Lost Customers
0,17,4413.1,5,5,5,555,Champions
78,1,322.8,2,1,2,212,Lost Customers
29,5,2188.05,4,4,5,445,Champions
73,2,408.63,2,2,2,222,Lost Customers
16,6,2883.1,4,4,5,445,Champions
222,2,217.9,1,2,1,121,Lost Customers
31,4,1154.47,4,3,4,434,Loyal Customers
22,10,1680.72,4,4,4,444,Champions
30,3,1257.51,4,3,4,434,Loyal Customers
105,1,231.1,2,1,1,211,Lost Customers
4,2,688.33,5,2,3,523,Potential Loyalists
245,1,487.51,1,1,3,113,Need Attention
177,2,833.78,2,2,3,223,Need Attention
169,2,214.06,2,2,1,221,Lost Customers
42,1,290.66,3,1,2,312,Need Attention
71,1,518.42,3,1,3,313,Need Attention
58,7,6773.97,3,4,5,345,Loyal Customers
15,2,1212.66,4,2,4,424,Potential Loyalists
140,4,601.27,2,3,3,233,At Risk
17,6,3789.52,4,4,5,445,Champions
21,15,8625.8,4,5,5,455,Champions
9,4,874.43,5,3,3,533,Loyal Customers
367,1,123.24,1,1,1,111,Lost Customers
188,1,39.12,1,1,1,111,Lost Customers
15,4,1267.65,4,3,4,434,Loyal Customers
361,1,135.4,1,1,1,111,Lost Customers
18,1,118.98,4,1,1,411,New Customers
67,2,567.1800000000001,3,2,3,323,Need Attention
14,6,306.72,4,4,2,442,Need Attention
23,3,1348.88,4,3,4,434,Loyal Customers
16,11,4095.9,4,5,5,455,Champions
27,3,1692.27,4,3,4,434,Loyal Customers
1,20,8134.9400000000005,5,5,5,555,Champions
54,2,304.24,3,2,2,322,Need Attention
33,4,1592.12,3,3,4,334,Loyal Customers
2,12,3109.99,5,5,5,555,Champions
365,1,129.75,1,1,1,111,Lost Customers
42,1,183.7,3,1,1,311,Need Attention
72,6,1770.3400000000001,2,4,4,244,At Risk
4,5,1028.0,5,4,4,544,Champions
3,28,66653.56,5,5,5,555,Champions
60,2,324.24,3,2,2,322,Need Attention
46,7,2959.88,3,4,5,345,Loyal Customers
0,4,1260.8600000000001,5,3,4,534,Loyal Customers
75,2,422.6,2,2,2,222,Lost Customers
71,2,225.58,3,2,1,321,Need Attention
255,2,1276.0,1,2,4,124,Need Attention
68,2,477.86,3,2,2,322,Need Attention
134,4,657.9,2,3,3,233,At Risk
240,1,112.75,1,1,1,111,Lost Customers
226,2,1998.0,1,2,4,124,Need Attention
8,13,5076.55,5,5,5,555,Champions
8,13,5398.3,5,5,5,555,Champions
0,20,14034.99,5,5,5,555,Champions
36,3,531.35,3,3,3,333,Loyal Customers
45,1,656.63,3,1,3,313,Need Attention
84,5,3029.87,2,4,5,245,At Risk
18,10,2467.9900000000002,4,4,5,445,Champions
2,5,1651.03,5,4,4,544,Champions
8,11,3611.31,5,5,5,555,Champions
18,15,6910.78,4,5,5,455,Champions
218,3,1129.06,1,3,4,134,At Risk
77,1,301.71999999999997,2,1,2,212,Lost Customers
266,2,901.2,1,2,3,123,Need Attention
23,6,3843.08,4,4,5,445,Champions
368,1,606.0500000000001,1,1,3,113,Need Attention
14,7,1770.22,4,4,4,444,Champions
25,1,152.95,4,1,1,411,New Customers
261,1,292.47,1,1,2,112,Lost Customers
16,13,4730.81,4,5,5,455,Champions
90,2,576.4,2,2,3,223,Need Attention
301,7,758.27,1,4,3,143,At Risk
25,5,1358.74,4,4,4,444,Champions
363,1,256.32,1,1,2,112,Lost Customers
45,4,1048.28,3,3,4,334,Loyal Customers
37,21,7205.33,3,5,5,355,Loyal Customers
51,3,743.11,3,3,3,333,Loyal Customers
31,1,603.75,4,1,3,413,Potential Loyalists
51,3,646.76,3,3,3,333,Loyal Customers
78,5,2247.41,2,4,5,245,At Risk
52,1,417.6,3,1,2,312,Need Attention
297,1,3.75,1,1,1,111,Lost Customers
176,1,323.0,2,1,2,212,Lost Customers
46,1,464.9,3,1,2,312,Need Attention
28,7,2213.13,4,4,5,445,Champions
10,7,1291.91,5,4,4,544,Champions
86,17,7180.7,2,5,5,255,At Risk
4,18,6680.11,5,5,5,555,Champions
37,2,836.0600000000001,3,2,3,323,Need Attention
17,5,1515.9,4,4,4,444,Champions
44,5,623.93,3,4,3,343,Loyal Customers
30,1,1764.72,4,1,4,414,Potential Loyalists
372,1,207.5,1,1,1,111,Lost Customers
57,1,223.92000000000002,3,1,1,311,Need Attention
371,1,2002.4,1,1,4,114,Need Attention
113,3,1475.43,2,3,4,234,At Risk
214,1,239.4,1,1,1,111,Lost Customers
318,1,106.83000000000001,1,1,1,111,Lost Customers
64,1,369.34000000000003,3,1,2,312,Need Attention
7,3,789.79,5,3,3,533,Loyal Customers
96,1,316.62,2,1,2,212,Lost Customers
19,3,1207.24,4,3,4,434,Loyal Customers
198,1,611.8499999999999,1,1,3,113,Need Attention
3,13,2790.9500000000003,5,5,5,555,Champions
293,1,34.0,1,1,1,111,Lost Customers
272,2,1145.6,1,2,4,124,Need Attention
30,11,5575.56,4,5,5,455,Champions
47,3,478.09000000000003,3,3,2,332,Need Attention
259,1,361.54,1,1,2,112,Lost Customers
57,5,757.1,3,4,3,343,Loyal Customers
32,5,2242.61,4,4,5,445,Champions
56,1,171.59,3,1,1,311,Need Attention
67,4,661.52,3,3,3,333,Loyal Customers
9,11,1691.51,5,5,4,554,Champions
59,1,371.54,3,1,2,312,Need Attention
79,2,222.62,2,2,1,221,Lost Customers
73,2,245.94,2,2,1,221,Lost Customers
1,22,10611.72,5,5,5,555,Champions
99,2,422.24,2,2,2,222,Lost Customers
371,1,311.25,1,1,2,112,Lost Customers
9,13,2267.9500000000003,5,5,5,555,Champions
19,1,107.6,4,1,1,411,New Customers
122,2,594.39,2,2,3,223,Need Attention
7,1,80.80000000000001,5,1,1,511,New Customers
3,6,1545.6200000000001,5,4,4,544,Champions
28,7,1705.78,4,4,4,444,Champions
281,2,110.38,1,2,1,121,Lost Customers
56,1,243.84,3,1,1,311,Need Attention
0,10,1196.5,5,4,4,544,Champions
364,1,414.88,1,1,2,112,Lost Customers
88,1,305.62,2,1,2,212,Lost Customers
10,1,1162.65,5,1,4,514,Potential Loyalists
162,4,1594.23,2,3,4,234,At Risk
64,1,332.3,3,1,2,312,Need Attention
22,3,536.99,4,3,3,433,Loyal Customers
173,2,460.59000000000003,2,2,2,222,Lost Customers
102,4,762.16,2,3,3,233,At Risk
142,3,1121.59,2,3,4,234,At Risk
98,2,288.42,2,2,2,222,Lost Customers
22,5,914.69,4,4,3,443,Loyal Customers
191,1,309.54,1,1,2,112,Lost Customers
4,2,547.07,5,2,3,523,Potential Loyalists
360,1,479.35,1,1,2,112,Lost Customers
7,10,1652.18,5,4,4,544,Champions
13,21,6416.7,4,5,5,455,Champions
102,4,417.06,2,3,2,232,Need Attention
2,9,1604.75,5,4,4,544,Champions
10,11,3349.57,5,5,5,555,Champions
95,1,497.61,2,1,3,213,Need Attention
226,1,358.38,1,1,2,112,Lost Customers
15,2,460.64,4,2,2,422,Potential Loyalists
38,2,775.18,3,2,3,323,Need Attention
50,1,341.7,3,1,2,312,Need Attention
92,2,128.5,2,2,1,221,Lost Customers
156,1,197.22,2,1,1,211,Lost Customers
38,1,325.91,3,1,2,312,Need Attention
183,3,199.15,1,3,1,131,Need Attention
0,4,1106.53,5,3,4,534,Loyal Customers
227,1,413.46,1,1,2,112,Lost Customers
127,2,180.85,2,2,1,221,Lost Customers
39,2,251.87,3,2,2,322,Need Attention
30,11,3170.98,4,5,5,455,Champions
196,2,588.85,1,2,3,123,Need Attention
8,34,16594.35,5,5,5,555,Champions
36,6,1869.82,3,4,4,344,Loyal Customers
100,3,1264.19,2,3,4,234,At Risk
42,16,10196.57,3,5,5,355,Loyal Customers
49,1,214.32,3,1,1,311,Need Attention
42,1,193.44,3,1,1,311,Need Attention
52,1,281.42,3,1,2,312,Need Attention
186,1,124.57,1,1,1,111,Lost Customers
333,1,332.41,1,1,2,112,Lost Customers
3,3,342.45,5,3,2,532,Need Attention
9,2,144.91,5,2,1,521,Need Attention
23,2,328.40000000000003,4,2,2,422,Potential Loyalists
14,1,35.400000000000006,4,1,1,411,New Customers
368,1,375.69000000000005,1,1,2,112,Lost Customers
144,2,747.81,2,2,3,223,Need Attention
59,2,173.76,3,2,1,321,Need Attention
30,2,502.8,4,2,3,423,Potential Loyalists
140,3,207.74,2,3,1,231,Need Attention
22,4,817.12,4,3,3,433,Loyal Customers
21,6,2812.34,4,4,5,445,Champions
76,3,680.02,2,3,3,233,At Risk
4,6,7123.62,5,4,5,545,Champions
66,5,2095.53,3,4,5,345,Loyal Customers
11,6,846.62,5,4,3,543,Loyal Customers
83,1,13.3,2,1,1,211,Lost Customers
30,7,1491.43,4,4,4,444,Champions
66,1,432.0,3,1,2,312,Need Attention
66,3,705.12,3,3,3,333,Loyal Customers
186,2,272.48,1,2,2,122,Lost Customers
37,2,429.84,3,2,2,322,Need Attention
14,3,450.41,4,3,2,432,Need Attention
34,1,192.32999999999998,3,1,1,311,Need Attention
194,3,1578.67,1,3,4,134,At Risk
1,5,742.43,5,4,3,543,Loyal Customers
0,5,518.19,5,4,3,543,Loyal Customers
366,1,145.93,1,1,1,111,Lost Customers
64,1,202.27,3,1,1,311,Need Attention
298,2,289.78,1,2,2,122,Lost Customers
25,3,501.03000000000003,4,3,3,433,Loyal Customers
7,6,1271.06,5,4,4,544,Champions
16,3,887.11,4,3,3,433,Loyal Customers
115,1,1706.88,2,1,4,214,Need Attention
28,1,363.2,4,1,2,412,Potential Loyalists
3,16,3653.75,5,5,5,555,Champions
4,7,3037.6,5,4,5,545,Champions
81,4,559.59,2,3,3,233,At Risk
28,5,928.76,4,4,3,443,Loyal Customers
71,1,379.14,3,1,2,312,Need Attention
3,8,1508.96,5,4,4,544,Champions
28,11,2555.58,4,5,5,455,Champions
289,1,113.44,1,1,1,111,Lost Customers
35,1,183.76,3,1,1,311,Need Attention
8,6,621.6800000000001,5,4,3,543,Loyal Customers
23,2,562.41,4,2,3,423,Potential Loyalists
276,1,391.52,1,1,2,112,Lost Customers
49,6,1068.82,3,4,4,344,Loyal Customers
155,11,2592.25,2,5,5,255,At Risk
60,1,154.18,3,1,1,311,Need Attention
11,19,7069.08,5,5,5,555,Champions
20,3,829.89,4,3,3,433,Loyal Customers
370,1,230.25,1,1,1,111,Lost Customers
115,3,543.05,2,3,3,233,At Risk
79,17,2814.7,2,5,5,255,At Risk
3,7,1295.39,5,4,4,544,Champions
25,3,378.89,4,3,2,432,Need Attention
4,21,4554.87,5,5,5,555,Champions
52,1,150.23000000000002,3,1,1,311,Need Attention
0,2,563.23,5,2,3,523,Potential Loyalists
54,2,931.03,3,2,3,323,Need Attention
25,1,261.9,4,1,2,412,Potential Loyalists
8,4,2711.6800000000003,5,3,5,535,Loyal Customers
51,3,3049.88,3,3,5,335,Loyal Customers
12,9,1904.99,5,4,4,544,Champions
211,3,816.73,1,3,3,133,At Risk
21,19,4345.5,4,5,5,455,Champions
235,1,406.48,1,1,2,112,Lost Customers
138,3,435.02,2,3,2,232,Need Attention
3,6,1286.27,5,4,4,544,Champions
56,3,1178.56,3,3,4,334,Loyal Customers
134,3,1277.75,2,3,4,234,At Risk
108,2,167.61,2,2,1,221,Lost Customers
29,1,20.8,4,1,1,411,New Customers
0,9,2085.08,5,4,5,545,Champions
184,4,518.67,1,3,3,133,At Risk
17,1,308.74,4,1,2,412,Potential Loyalists
238,2,416.64,1,2,2,122,Lost Customers
86,1,117.35000000000001,2,1,1,211,Lost Customers
38,3,507.05,3,3,3,333,Loyal Customers
115,1,234.17000000000002,2,1,1,211,Lost Customers
186,1,110.55000000000001,1,1,1,111,Lost Customers
226,1,201.19,1,1,1,111,Lost Customers
7,7,2154.97,5,4,5,545,Champions
188,1,319.02,1,1,2,112,Lost Customers
3,2,439.43,5,2,2,522,Potential Loyalists
38,3,650.41,3,3,3,333,Loyal Customers
37,1,357.21,3,1,2,312,Need Attention
266,1,251.51999999999998,1,1,2,112,Lost Customers
77,1,344.33,2,1,2,212,Lost Customers
3,6,1852.0,5,4,4,544,Champions
254,2,1028.46,1,2,4,124,Need Attention
60,1,384.06,3,1,2,312,Need Attention
12,7,1905.87,5,4,4,544,Champions
87,2,4459.52,2,2,5,225,Need Attention
16,10,5464.12,4,4,5,445,Champions
29,2,1873.2,4,2,4,424,Potential Loyalists
2,7,1616.8,5,4,4,544,Champions
4,1,126.12,5,1,1,511,New Customers
6,6,1133.25,5,4,4,544,Champions
218,1,179.0,1,1,1,111,Lost Customers
10,5,1614.31,5,4,4,544,Champions
29,6,1456.96,4,4,4,444,Champions
287,3,702.0,1,3,3,133,At Risk
149,4,295.0,2,3,2,232,Need Attention
22,2,484.82,4,2,2,422,Potential Loyalists
0,11,3989.57,5,5,5,555,Champions
85,3,1493.73,2,3,4,234,At Risk
45,2,1312.1399999999999,3,2,4,324,Need Attention
4,4,781.78,5,3,3,533,Loyal Customers
50,6,889.9300000000001,3,4,3,343,Loyal Customers
17,1,195.36,4,1,1,411,New Customers
29,1,270.9,4,1,2,412,Potential Loyalists
7,3,583.4300000000001,5,3,3,533,Loyal Customers
28,3,1838.61,4,3,4,434,Loyal Customers
2,20,8694.26,5,5,5,555,Champions
40,2,920.1,3,2,3,323,Need Attention
10,4,1258.08,5,3,4,534,Loyal Customers
30,1,71.0,4,1,1,411,New Customers
44,3,95.85,3,3,1,331,Need Attention
60,3,357.77,3,3,2,332,Need Attention
184,2,154.83,1,2,1,121,Lost Customers
78,6,877.5600000000001,2,4,3,243,At Risk
110,2,716.0,2,2,3,223,Need Attention
63,1,146.87,3,1,1,311,Need Attention
11,2,380.35,5,2,2,522,Potential Loyalists
85,3,1030.14,2,3,4,234,At Risk
15,3,745.52,4,3,3,433,Loyal Customers
245,2,433.53000000000003,1,2,2,122,Lost Customers
87,1,1267.32,2,1,4,214,Need Attention
29,1,112.4,4,1,1,411,New Customers
137,1,449.73,2,1,2,212,Lost Customers
26,3,1071.49,4,3,4,434,Loyal Customers
2,5,1036.58,5,4,4,544,Champions
31,4,1735.18,4,3,4,434,Loyal Customers
24,1,948.48,4,1,4,414,Potential Loyalists
112,3,339.44,2,3,2,232,Need Attention
156,1,642.02,2,1,3,213,Need Attention
84,3,1100.9,2,3,4,234,At Risk
117,3,925.35,2,3,3,233,At Risk
2,9,5655.03,5,4,5,545,Champions
95,6,3185.64,2,4,5,245,At Risk
193,1,240.89,1,1,1,111,Lost Customers
27,1,399.09,4,1,2,412,Potential Loyalists
130,1,498.48,2,1,3,213,Need Attention
27,5,1356.33,4,4,4,444,Champions
81,3,1179.89,2,3,4,234,At Risk
29,5,3080.39,4,4,5,445,Champions
265,1,234.24,1,1,1,111,Lost Customers
73,11,5232.2300000000005,2,5,5,255,At Risk
313,4,533.33,1,3,3,133,At Risk
20,7,1461.14,4,4,4,444,Champions
58,3,855.45,3,3,3,333,Loyal Customers
11,21,4552.14,5,5,5,555,Champions
27,9,2709.7000000000003,4,4,5,445,Champions
113,1,304.24,2,1,2,212,Lost Customers
27,9,2429.03,4,4,5,445,Champions
17,4,1446.09,4,3,4,434,Loyal Customers
17,4,834.12,4,3,3,433,Loyal Customers
35,3,841.0799999999999,3,3,3,333,Loyal Customers
35,2,378.2,3,2,2,322,Need Attention
77,1,118.80000000000001,2,1,1,211,Lost Customers
21,2,287.62,4,2,2,422,Potential Loyalists
24,2,288.91,4,2,2,422,Potential Loyalists
32,2,2003.8500000000001,4,2,4,424,Potential Loyalists
108,3,1405.78,2,3,4,234,At Risk
34,2,2747.9900000000002,3,2,5,325,Need Attention
122,5,1562.4,2,4,4,244,At Risk
6,6,2050.08,5,4,4,544,Champions
27,4,1991.01,4,3,4,434,Loyal Customers
3,7,1974.65,5,4,4,544,Champions
2,9,3827.76,5,4,5,545,Champions
49,4,1774.03,3,3,4,334,Loyal Customers
321,1,302.0,1,1,2,112,Lost Customers
22,3,1324.16,4,3,4,434,Loyal Customers
14,4,1022.13,4,3,4,434,Loyal Customers
1,8,954.42,5,4,4,544,Champions
17,2,971.74,4,2,4,424,Potential Loyalists
9,4,1621.73,5,3,4,534,Loyal Customers
261,1,25.5,1,1,1,111,Lost Customers
158,2,665.78,2,2,3,223,Need Attention
32,6,10797.48,4,4,5,445,Champions
28,6,881.29,4,4,3,443,Loyal Customers
164,1,163.29999999999998,2,1,1,211,Lost Customers
46,1,231.61,3,1,1,311,Need Attention
5,8,801.12,5,4,3,543,Loyal Customers
7,3,837.5,5,3,3,533,Loyal Customers
287,1,116.2,1,1,1,111,Lost Customers
317,1,157.02,1,1,1,111,Lost Customers
2,2,606.91,5,2,3,523,Potential Loyalists
232,1,307.46,1,1,2,112,Lost Customers
118,1,138.32,2,1,1,211,Lost Customers
161,1,345.3,2,1,2,212,Lost Customers
184,1,294.24,1,1,2,112,Lost Customers
49,1,230.5,3,1,1,311,Need Attention
151,5,989.45,2,4,4,244,At Risk
334,1,157.09,1,1,1,111,Lost Customers
4,5,2463.17,5,4,5,545,Champions
15,7,4892.240000000001,4,4,5,445,Champions
106,2,413.2,2,2,2,222,Lost Customers
15,7,1139.73,4,4,4,444,Champions
275,1,380.5,1,1,2,112,Lost Customers
15,12,10650.77,4,5,5,455,Champions
246,1,454.12,1,1,2,112,Lost Customers
238,1,579.0,1,1,3,113,Need Attention
0,2,984.57,5,2,4,524,Potential Loyalists
105,3,749.78,2,3,3,233,At Risk
22,4,1714.59,4,3,4,434,Loyal Customers
51,1,124.88,3,1,1,311,Need Attention
194,3,1689.5,1,3,4,134,At Risk
23,1,213.78,4,1,1,411,New Customers
74,1,329.34,2,1,2,212,Lost Customers
17,2,251.7,4,2,2,422,Potential Loyalists
7,2,319.0,5,2,2,522,Potential Loyalists
31,3,1266.97,4,3,4,434,Loyal Customers
21,3,1538.88,4,3,4,434,Loyal Customers
30,6,3518.03,4,4,5,445,Champions
28,10,1715.46,4,4,4,444,Champions
21,2,293.1,4,2,2,422,Potential Loyalists
32,7,2467.35,4,4,5,445,Champions
283,1,158.68,1,1,1,111,Lost Customers
38,2,206.34,3,2,1,321,Need Attention
57,2,835.78,3,2,3,323,Need Attention
288,1,224.91,1,1,1,111,Lost Customers
78,1,317.76,2,1,2,212,Lost Customers
4,8,3766.6,5,4,5,545,Champions
217,1,59.9,1,1,1,111,Lost Customers
43,4,1443.69,3,3,4,334,Loyal Customers
201,1,306.13,1,1,2,112,Lost Customers
177,3,711.79,2,3,3,233,At Risk
55,4,783.97,3,3,3,333,Loyal Customers
56,2,239.92000000000002,3,2,1,321,Need Attention
7,6,3347.31,5,4,5,545,Champions
46,2,144.0,3,2,1,321,Need Attention
226,1,203.95,1,1,1,111,Lost Customers
10,7,2474.23,5,4,5,545,Champions
105,2,383.75,2,2,2,222,Lost Customers
58,2,444.74,3,2,2,322,Need Attention
27,7,2093.68,4,4,5,445,Champions
35,7,1699.3,3,4,4,344,Loyal Customers
273,2,262.62,1,2,2,122,Lost Customers
29,1,1013.01,4,1,4,414,Potential Loyalists
23,3,692.22,4,3,3,433,Loyal Customers
53,1,289.78000000000003,3,1,2,312,Need Attention
35,6,3560.08,3,4,5,345,Loyal Customers
174,4,1564.56,2,3,4,234,At Risk
53,1,384.08,3,1,2,312,Need Attention
52,1,204.24,3,1,1,311,Need Attention
26,8,2317.2200000000003,4,4,5,445,Champions
252,1,226.85,1,1,1,111,Lost Customers
39,7,2781.23,3,4,5,345,Loyal Customers
59,6,1059.1200000000001,3,4,4,344,Loyal Customers
233,1,113.5,1,1,1,111,Lost Customers
3,10,1951.97,5,4,4,544,Champions
31,1,114.23,4,1,1,411,New Customers
23,14,3187.55,4,5,5,455,Champions
6,2,334.48,5,2,2,522,Potential Loyalists
64,1,328.65,3,1,2,312,Need Attention
309,2,416.89,1,2,2,122,Lost Customers
308,1,393.49,1,1,2,112,Lost Customers
18,6,939.32,4,4,4,444,Champions
15,8,1906.09,4,4,4,444,Champions
95,2,318.76,2,2,2,222,Lost Customers
263,8,3638.41,1,4,5,145,At Risk
11,10,3124.72,5,4,5,545,Champions
2,2,417.77,5,2,2,522,Potential Loyalists
34,1,190.88,3,1,1,311,Need Attention
182,1,149.89,1,1,1,111,Lost Customers
24,2,550.0600000000001,4,2,3,423,Potential Loyalists
12,6,916.13,5,4,3,543,Loyal Customers
10,2,314.69,5,2,2,522,Potential Loyalists
2,17,3719.1,5,5,5,555,Champions
312,1,382.5,1,1,2,112,Lost Customers
107,2,1135.04,2,2,4,224,Need Attention
0,26,8540.05,5,5,5,555,Champions
52,1,954.9,3,1,4,314,Need Attention
204,1,171.45000000000002,1,1,1,111,Lost Customers
14,1,280.09000000000003,4,1,2,412,Potential Loyalists
119,1,318.65,2,1,2,212,Lost Customers
3,2,381.97,5,2,2,522,Potential Loyalists
362,1,269.83,1,1,2,112,Lost Customers
116,2,348.90999999999997,2,2,2,222,Lost Customers
17,1,178.26,4,1,1,411,New Customers
4,2,271.19,5,2,2,522,Potential Loyalists
40,2,291.48,3,2,2,322,Need Attention
106,2,240.0,2,2,1,221,Lost Customers
147,2,581.23,2,2,3,223,Need Attention
51,5,1253.3600000000001,3,4,4,344,Loyal Customers
207,1,63.440000000000005,1,1,1,111,Lost Customers
138,2,550.01,2,2,3,223,Need Attention
1,3,296.58,5,3,2,532,Need Attention
126,2,317.2,2,2,2,222,Lost Customers
107,4,763.64,2,3,3,233,At Risk
41,4,2148.63,3,3,5,335,Loyal Customers
34,1,107.82,3,1,1,311,Need Attention
227,2,1065.3500000000001,1,2,4,124,Need Attention
240,1,246.04000000000002,1,1,1,111,Lost Customers
57,1,187.82999999999998,3,1,1,311,Need Attention
129,3,1685.46,2,3,4,234,At Risk
59,6,1647.48,3,4,4,344,Loyal Customers
21,1,151.37,4,1,1,411,New Customers
25,7,1049.06,4,4,4,444,Champions
8,7,1417.6299999999999,5,4,4,544,Champions
31,3,931.02,4,3,3,433,Loyal Customers
3,2,513.01,5,2,3,523,Potential Loyalists
307,1,550.8000000000001,1,1,3,113,Need Attention
7,9,1854.06,5,4,4,544,Champions
28,3,547.0,4,3,3,433,Loyal Customers
16,1,128.18,4,1,1,411,New Customers
100,2,498.42,2,2,3,223,Need Attention
11,4,656.61,5,3,3,533,Loyal Customers
20,1,163.24,4,1,1,411,New Customers
14,5,1135.63,4,4,4,444,Champions
360,1,250.04,1,1,2,112,Lost Customers
10,19,8631.31,5,5,5,555,Champions
94,1,82.75,2,1,1,211,Lost Customers
77,2,1384.85,2,2,4,224,Need Attention
138,3,644.3,2,3,3,233,At Risk
30,1,2328.84,4,1,5,415,Potential Loyalists
24,8,2527.92,4,4,5,445,Champions
1,38,6281.2300000000005,5,5,5,555,Champions
45,3,2600.34,3,3,5,335,Loyal Customers
99,3,1200.6200000000001,2,3,4,234,At Risk
7,2,657.16,5,2,3,523,Potential Loyalists
14,7,906.52,4,4,3,443,Loyal Customers
17,4,986.48,4,3,4,434,Loyal Customers
279,1,96.8,1,1,1,111,Lost Customers
13,2,523.11,4,2,3,423,Potential Loyalists
22,2,363.9,4,2,2,422,Potential Loyalists
123,1,175.2,2,1,1,211,Lost Customers
85,1,494.25,2,1,3,213,Need Attention
301,2,307.02000000000004,1,2,2,122,Lost Customers
150,4,1981.06,2,3,4,234,At Risk
16,8,6493.54,4,4,5,445,Champions
93,2,243.36,2,2,1,221,Lost Customers
29,11,12353.29,4,5,5,455,Champions
156,3,682.29,2,3,3,233,At Risk
354,1,193.64,1,1,1,111,Lost Customers
45,1,157.62,3,1,1,311,Need Attention
14,4,519.6899999999999,4,3,3,433,Loyal Customers
3,15,2622.88,5,5,5,555,Champions
85,1,228.96,2,1,1,211,Lost Customers
14,5,1156.6,4,4,4,444,Champions
178,1,98.25,2,1,1,211,Lost Customers
7,4,1281.32,5,3,4,534,Loyal Customers
35,3,587.15,3,3,3,333,Loyal Customers
128,2,1740.0,2,2,4,224,Need Attention
50,1,1393.06,3,1,4,314,Need Attention
311,1,178.22,1,1,1,111,Lost Customers
23,2,384.39,4,2,2,422,Potential Loyalists
302,2,360.81,1,2,2,122,Lost Customers
10,1,127.86,5,1,1,511,New Customers
16,3,568.24,4,3,3,433,Loyal Customers
48,3,488.2,3,3,3,333,Loyal Customers
238,2,312.23,1,2,2,122,Lost Customers
0,11,4462.68,5,5,5,555,Champions
12,8,4767.36,5,4,5,545,Champions
237,1,167.55,1,1,1,111,Lost Customers
22,8,1878.87,4,4,4,444,Champions
72,4,446.18,2,3,2,232,Need Attention
16,3,418.4,4,3,2,432,Need Attention
40,8,1337.18,3,4,4,344,Loyal Customers
39,4,646.92,3,3,3,333,Loyal Customers
218,2,495.77,1,2,3,123,Need Attention
198,3,400.1,1,3,2,132,Need Attention
70,2,203.2,3,2,1,321,Need Attention
23,20,4058.32,4,5,5,455,Champions
10,1,389.71999999999997,5,1,2,512,Potential Loyalists
8,29,20275.61,5,5,5,555,Champions
64,1,65.4,3,1,1,311,Need Attention
3,1,193.39000000000001,5,1,1,511,New Customers
18,2,336.4,4,2,2,422,Potential Loyalists
14,1,256.11,4,1,2,412,Potential Loyalists
7,6,2686.42,5,4,5,545,Champions
19,2,746.81,4,2,3,423,Potential Loyalists
77,4,1259.56,2,3,4,234,At Risk
0,34,31833.68,5,5,5,555,Champions
163,2,508.8,2,2,3,223,Need Attention
306,2,417.27,1,2,2,122,Lost Customers
218,1,203.86999999999998,1,1,1,111,Lost Customers
38,8,7330.8,3,4,5,345,Loyal Customers
21,2,681.41,4,2,3,423,Potential Loyalists
114,3,653.38,2,3,3,233,At Risk
125,5,2097.84,2,4,5,245,At Risk
4,13,2633.85,5,5,5,555,Champions
35,1,263.92,3,1,2,312,Need Attention
3,15,31906.82,5,5,5,555,Champions
0,3,1031.41,5,3,4,534,Loyal Customers
332,3,2184.42,1,3,5,135,At Risk
162,1,32.65,2,1,1,211,Lost Customers
184,2,771.85,1,2,3,123,Need Attention
15,5,1214.72,4,4,4,444,Champions
11,3,778.94,5,3,3,533,Loyal Customers
2,7,1258.06,5,4,4,544,Champions
43,2,778.0,3,2,3,323,Need Attention
79,1,507.84,2,1,3,213,Need Attention
29,7,6893.42,4,4,5,445,Champions
41,2,463.46000000000004,3,2,2,322,Need Attention
10,12,4226.57,5,5,5,555,Champions
49,3,598.83,3,3,3,333,Loyal Customers
15,6,1979.37,4,4,4,444,Champions
45,2,698.41,3,2,3,323,Need Attention
18,2,759.1700000000001,4,2,3,423,Potential Loyalists
7,6,5037.26,5,4,5,545,Champions
71,1,100.8,3,1,1,311,Need Attention
0,28,17256.85,5,5,5,555,Champions
127,3,524.9200000000001,2,3,3,233,At Risk
32,2,265.76,4,2,2,422,Potential Loyalists
312,1,403.3,1,1,2,112,Lost Customers
17,2,365.76,4,2,2,422,Potential Loyalists
87,1,303.16,2,1,2,212,Lost Customers
1,7,2373.82,5,4,5,545,Champions
1,2,216.3,5,2,1,521,Need Attention
253,1,388.45000000000005,1,1,2,112,Lost Customers
156,3,186.42000000000002,2,3,1,231,Need Attention
36,6,2248.56,3,4,5,345,Loyal Customers
219,1,534.24,1,1,3,113,Need Attention
147,3,2940.04,2,3,5,235,At Risk
176,2,120.89999999999999,2,2,1,221,Lost Customers
39,2,541.53,3,2,3,323,Need Attention
1,7,2519.21,5,4,5,545,Champions
7,46,194390.79,5,5,5,555,Champions
0,7,1721.4,5,4,4,544,Champions
17,2,486.72,4,2,2,422,Potential Loyalists
191,4,517.53,1,3,3,133,At Risk
203,1,131.7,1,1,1,111,Lost Customers
364,1,249.86,1,1,2,112,Lost Customers
126,5,1737.7,2,4,4,244,At Risk
14,1,316.5,4,1,2,412,Potential Loyalists
42,2,657.3,3,2,3,323,Need Attention
93,6,622.4300000000001,2,4,3,243,At Risk
22,3,735.82,4,3,3,433,Loyal Customers
59,2,675.69,3,2,3,323,Need Attention
15,5,1875.8600000000001,4,4,4,444,Champions
157,1,289.96000000000004,2,1,2,212,Lost Customers
9,2,763.28,5,2,3,523,Potential Loyalists
9,2,137.0,5,2,1,521,Need Attention
15,5,1870.97,4,4,4,444,Champions
44,5,1125.07,3,4,4,344,Loyal Customers
190,3,697.54,1,3,3,133,At Risk
78,1,194.37,2,1,1,211,Lost Customers
77,1,511.82,2,1,3,213,Need Attention
3,4,1255.59,5,3,4,534,Loyal Customers
64,3,414.04,3,3,2,332,Need Attention
260,1,396.87,1,1,2,112,Lost Customers
58,2,376.64,3,2,2,322,Need Attention
0,7,2092.32,5,4,5,545,Champions
0,10,3558.87,5,4,5,545,Champions
247,1,374.57,1,1,2,112,Lost Customers
7,2,497.56,5,2,3,523,Potential Loyalists
358,1,271.05,1,1,2,112,Lost Customers
75,1,272.21999999999997,2,1,2,212,Lost Customers
289,1,622.88,1,1,3,113,Need Attention
16,3,1138.0,4,3,4,434,Loyal Customers
220,2,288.6,1,2,2,122,Lost Customers
8,4,689.1,5,3,3,533,Loyal Customers
2,2,558.96,5,2,3,523,Potential Loyalists
205,9,2997.03,1,4,5,145,At Risk
161,2,1145.8400000000001,2,2,4,224,Need Attention
75,1,302.2,2,1,2,212,Lost Customers
261,2,605.58,1,2,3,123,Need Attention
280,1,387.31,1,1,2,112,Lost Customers
57,8,6083.64,3,4,5,345,Loyal Customers
24,1,308.48,4,1,2,412,Potential Loyalists
2,31,91062.38,5,5,5,555,Champions
28,10,2924.9900000000002,4,4,5,445,Champions
71,1,513.2,3,1,3,313,Need Attention
127,1,208.65,2,1,1,211,Lost Customers
30,4,639.02,4,3,3,433,Loyal Customers
14,5,764.88,4,4,3,443,Loyal Customers
308,1,153.94,1,1,1,111,Lost Customers
16,6,1844.02,4,4,4,444,Champions
53,1,546.81,3,1,3,313,Need Attention
29,3,723.21,4,3,3,433,Loyal Customers
1,5,1070.71,5,4,4,544,Champions
10,4,652.74,5,3,3,533,Loyal Customers
360,1,145.0,1,1,1,111,Lost Customers
359,1,422.7,1,1,2,112,Lost Customers
4,4,1195.8999999999999,5,3,4,534,Loyal Customers
53,4,939.37,3,3,4,334,Loyal Customers
0,8,3628.5,5,4,5,545,Champions
0,10,2367.12,5,4,5,545,Champions
189,1,296.7,1,1,2,112,Lost Customers
53,1,223.36,3,1,1,311,Need Attention
279,1,164.4,1,1,1,111,Lost Customers
176,1,76.5,2,1,1,211,Lost Customers
29,2,887.6700000000001,4,2,3,423,Potential Loyalists
25,1,98.42,4,1,1,411,New Customers
24,2,578.9,4,2,3,423,Potential Loyalists
269,1,170.75,1,1,1,111,Lost Customers
42,3,642.32,3,3,3,333,Loyal Customers
233,1,103.3,1,1,1,111,Lost Customers
23,2,148.86,4,2,1,421,Need Attention
196,3,267.16,1,3,2,132,Need Attention
358,1,290.34,1,1,2,112,Lost Customers
59,4,930.41,3,3,3,333,Loyal Customers
129,1,1487.6,2,1,4,214,Need Attention
0,5,1952.45,5,4,4,544,Champions
19,2,480.31,4,2,2,422,Potential Loyalists
205,1,157.9,1,1,1,111,Lost Customers
13,3,541.46,4,3,3,433,Loyal Customers
94,4,854.95,2,3,3,233,At Risk
18,1,165.12,4,1,1,411,New Customers
13,7,1122.38,4,4,4,444,Champions
23,3,454.01,4,3,2,432,Need Attention
7,2,869.77,5,2,3,523,Potential Loyalists
6,8,4331.48,5,4,5,545,Champions
331,1,344.14,1,1,2,112,Lost Customers
49,4,1425.67,3,3,4,334,Loyal Customers
70,4,226.75000000000003,3,3,1,331,Need Attention
28,3,380.6,4,3,2,432,Need Attention
242,1,185.65,1,1,1,111,Lost Customers
7,19,3564.83,5,5,5,555,Champions
217,1,143.45999999999998,1,1,1,111,Lost Customers
4,3,448.90000000000003,5,3,2,532,Need Attention
252,3,215.72,1,3,1,131,Need Attention
0,25,11025.24,5,5,5,555,Champions
235,1,175.27,1,1,1,111,Lost Customers
6,2,1242.3,5,2,4,524,Potential Loyalists
108,4,1116.68,2,3,4,234,At Risk
99,3,1240.2,2,3,4,234,At Risk
59,4,2404.17,3,3,5,335,Loyal Customers
1,3,1468.02,5,3,4,534,Loyal Customers
72,7,2203.67,2,4,5,245,At Risk
3,5,3923.86,5,4,5,545,Champions
84,2,993.1800000000001,2,2,4,224,Need Attention
11,2,386.69,5,2,2,522,Potential Loyalists
22,7,2806.69,4,4,5,445,Champions
213,1,2044.3700000000001,1,1,4,114,Need Attention
17,1,161.67000000000002,4,1,1,411,New Customers
238,1,116.00999999999999,1,1,1,111,Lost Customers
1,6,5054.42,5,4,5,545,Champions
77,1,394.72,2,1,2,212,Lost Customers
216,2,309.36,1,2,2,122,Lost Customers
32,2,191.99,4,2,1,421,Need Attention
40,5,1105.78,3,4,4,344,Loyal Customers
6,15,3961.12,5,5,5,555,Champions
52,6,2048.45,3,4,4,344,Loyal Customers
22,14,4544.55,4,5,5,455,Champions
56,1,386.32,3,1,2,312,Need Attention
129,3,329.6,2,3,2,232,Need Attention
173,3,571.1999999999999,2,3,3,233,At Risk
5,3,930.28,5,3,3,533,Loyal Customers
311,1,214.37,1,1,1,111,Lost Customers
59,1,81.44,3,1,1,311,Need Attention
20,3,1379.9,4,3,4,434,Loyal Customers
32,1,527.05,4,1,3,413,Potential Loyalists
14,2,843.48,4,2,3,423,Potential Loyalists
17,4,2020.4,4,3,4,434,Loyal Customers
80,1,75.75,2,1,1,211,Lost Customers
5,8,1814.1200000000001,5,4,4,544,Champions
169,2,503.6,2,2,3,223,Need Attention
1,3,528.33,5,3,3,533,Loyal Customers
30,4,1324.84,4,3,4,434,Loyal Customers
35,9,2358.59,3,4,5,345,Loyal Customers
18,1,285.56,4,1,2,412,Potential Loyalists
30,2,547.0600000000001,4,2,3,423,Potential Loyalists
275,1,108.5,1,1,1,111,Lost Customers
86,1,621.66,2,1,3,213,Need Attention
119,2,712.29,2,2,3,223,Need Attention
372,1,101.55,1,1,1,111,Lost Customers
0,11,2895.64,5,5,5,555,Champions
218,3,1008.39,1,3,4,134,At Risk
64,1,133.06,3,1,1,311,Need Attention
60,4,1797.5,3,3,4,334,Loyal Customers
137,1,868.49,2,1,3,213,Need Attention
20,1,166.07999999999998,4,1,1,411,New Customers
11,10,3945.0,5,4,5,545,Champions
24,12,4867.72,4,5,5,455,Champions
36,4,1207.56,3,3,4,334,Loyal Customers
276,1,117.55,1,1,1,111,Lost Customers
10,7,2638.94,5,4,5,545,Champions
72,5,1674.69,2,4,4,244,At Risk
25,2,595.42,4,2,3,423,Potential Loyalists
16,12,2999.46,4,5,5,455,Champions
140,1,178.75,2,1,1,211,Lost Customers
25,7,1802.91,4,4,4,444,Champions
18,2,604.64,4,2,3,423,Potential Loyalists
3,2,728.16,5,2,3,523,Potential Loyalists
65,5,2055.51,3,4,5,345,Loyal Customers
0,2,347.75,5,2,2,522,Potential Loyalists
42,7,3406.7200000000003,3,4,5,345,Loyal Customers
227,1,205.7,1,1,1,111,Lost Customers
15,4,1572.71,4,3,4,434,Loyal Customers
49,2,3178.17,3,2,5,325,Need Attention
1,6,1594.97,5,4,4,544,Champions
73,2,551.04,2,2,3,223,Need Attention
0,31,20374.28,5,5,5,555,Champions
3,6,1371.18,5,4,4,544,Champions
1,30,16345.38,5,5,5,555,Champions
263,1,298.11,1,1,2,112,Lost Customers
52,2,1992.1100000000001,3,2,4,324,Need Attention
23,1,184.4,4,1,1,411,New Customers
9,6,2474.33,5,4,5,545,Champions
43,1,239.41,3,1,1,311,Need Attention
16,7,3155.83,4,4,5,445,Champions
6,7,5739.46,5,4,5,545,Champions
29,15,4726.8,4,5,5,455,Champions
357,2,290.40000000000003,1,2,2,122,Lost Customers
126,4,740.94,2,3,3,233,At Risk
136,1,200.47,2,1,1,211,Lost Customers
141,1,283.12,2,1,2,212,Lost Customers
131,2,765.34,2,2,3,223,Need Attention
37,8,2285.71,3,4,5,345,Loyal Customers
235,1,338.95,1,1,2,112,Lost Customers
260,1,154.95,1,1,1,111,Lost Customers
16,4,2534.64,4,3,5,435,Loyal Customers
252,1,417.95,1,1,2,112,Lost Customers
29,4,1824.37,4,3,4,434,Loyal Customers
34,3,798.74,3,3,3,333,Loyal Customers
168,2,885.19,2,2,3,223,Need Attention
2,9,1823.52,5,4,4,544,Champions
3,17,10504.49,5,5,5,555,Champions
184,2,152.4,1,2,1,121,Lost Customers
187,2,263.33,1,2,2,122,Lost Customers
169,1,137.45,2,1,1,211,Lost Customers
10,2,385.1,5,2,2,522,Potential Loyalists
44,1,522.91,3,1,3,313,Need Attention
320,1,153.0,1,1,1,111,Lost Customers
200,1,326.4,1,1,2,112,Lost Customers
22,11,5655.99,4,5,5,455,Champions
231,1,139.35,1,1,1,111,Lost Customers
37,15,5396.04,3,5,5,355,Loyal Customers
25,4,1195.94,4,3,4,434,Loyal Customers
95,4,2424.04,2,3,5,235,At Risk
126,6,3276.4000000000005,2,4,5,245,At Risk
70,3,1033.0,3,3,4,334,Loyal Customers
15,11,3439.08,4,5,5,455,Champions
14,1,1060.25,4,1,4,414,Potential Loyalists
3,3,2876.01,5,3,5,535,Loyal Customers
2,13,5298.4800000000005,5,5,5,555,Champions
78,4,1240.11,2,3,4,234,At Risk
372,1,303.97,1,1,2,112,Lost Customers
38,2,692.19,3,2,3,323,Need Attention
53,3,700.63,3,3,3,333,Loyal Customers
1,19,13110.02,5,5,5,555,Champions
8,3,377.44,5,3,2,532,Need Attention
8,2,168.24,5,2,1,521,Need Attention
18,4,1879.05,4,3,4,434,Loyal Customers
11,7,2791.35,5,4,5,545,Champions
112,2,355.11,2,2,2,222,Lost Customers
3,6,2322.4,5,4,5,545,Champions
239,1,110.25,1,1,1,111,Lost Customers
112,1,71.4,2,1,1,211,Lost Customers
177,2,674.52,2,2,3,223,Need Attention
4,9,1710.45,5,4,4,544,Champions
358,1,80.64,1,1,1,111,Lost Customers
0,5,1664.6499999999999,5,4,4,544,Champions
0,30,5593.39,5,5,5,555,Champions
18,8,3408.2,4,4,5,445,Champions
16,3,819.96,4,3,3,433,Loyal Customers
21,2,287.59,4,2,2,422,Potential Loyalists
32,1,712.78,4,1,3,413,Potential Loyalists
262,1,15.0,1,1,1,111,Lost Customers
50,2,772.55,3,2,3,323,Need Attention
158,3,367.63,2,3,2,232,Need Attention
14,1,271.2,4,1,2,412,Potential Loyalists
7,3,2081.9,5,3,5,535,Loyal Customers
12,10,3957.43,5,4,5,545,Champions
198,5,1143.27,1,4,4,144,At Risk
56,2,245.81,3,2,1,321,Need Attention
10,2,173.45,5,2,1,521,Need Attention
96,4,1213.73,2,3,4,234,At Risk
254,1,56.4,1,1,1,111,Lost Customers
24,3,647.56,4,3,3,433,Loyal Customers
20,3,650.32,4,3,3,433,Loyal Customers
158,2,188.02,2,2,1,221,Lost Customers
71,2,283.47,3,2,2,322,Need Attention
52,1,131.94,3,1,1,311,Need Attention
84,2,266.85,2,2,2,222,Lost Customers
152,4,1817.54,2,3,4,234,At Risk
73,2,1117.9,2,2,4,224,Need Attention
280,1,225.9,1,1,1,111,Lost Customers
26,14,1964.3,4,5,4,454,Champions
29,1,106.1,4,1,1,411,New Customers
24,1,300.34,4,1,2,412,Potential Loyalists
179,2,342.83,1,2,2,122,Lost Customers
39,4,690.0,3,3,3,333,Loyal Customers
21,3,780.43,4,3,3,433,Loyal Customers
21,10,3039.17,4,4,5,445,Champions
36,9,1187.21,3,4,4,344,Loyal Customers
81,3,1285.04,2,3,4,234,At Risk
73,1,512.31,2,1,3,213,Need Attention
10,1,546.04,5,1,3,513,Potential Loyalists
15,12,5411.91,4,5,5,455,Champions
3,39,7761.82,5,5,5,555,Champions
12,4,699.81,5,3,3,533,Loyal Customers
13,5,1698.07,4,4,4,444,Champions
36,4,36.56,3,3,1,331,Need Attention
3,3,387.68,5,3,2,532,Need Attention
71,7,3704.87,3,4,5,345,Loyal Customers
50,1,298.4,3,1,2,312,Need Attention
4,5,1987.33,5,4,4,544,Champions
22,4,1820.09,4,3,4,434,Loyal Customers
298,1,889.24,1,1,3,113,Need Attention
1,3,398.7,5,3,2,532,Need Attention
32,1,35.400000000000006,4,1,1,411,New Customers
49,1,155.37,3,1,1,311,Need Attention
2,3,342.24,5,3,2,532,Need Attention
46,1,110.21000000000001,3,1,1,311,Need Attention
41,8,1541.23,3,4,4,344,Loyal Customers
26,5,2720.8,4,4,5,445,Champions
41,1,318.15,3,1,2,312,Need Attention
1,124,40519.84,5,5,5,555,Champions
302,1,205.48,1,1,1,111,Lost Customers
106,1,51.559999999999995,2,1,1,211,Lost Customers
84,1,2033.1,2,1,4,214,Need Attention
80,9,901.2,2,4,3,243,At Risk
217,4,605.8000000000001,1,3,3,133,At Risk
371,34,5391.21,1,5,5,155,At Risk
11,2,114.34,5,2,1,521,Need Attention
184,2,311.26,1,2,2,122,Lost Customers
372,1,208.97,1,1,1,111,Lost Customers
1,4,1418.03,5,3,4,534,Loyal Customers
3,23,26879.04,5,5,5,555,Champions
5,12,5140.66,5,5,5,555,Champions
304,1,141.92,1,1,1,111,Lost Customers
368,1,226.45000000000002,1,1,1,111,Lost Customers
2,8,2097.88,5,4,5,545,Champions
323,1,330.9,1,1,2,112,Lost Customers
58,6,3160.0,3,4,5,345,Loyal Customers
12,3,554.85,5,3,3,533,Loyal Customers
30,20,10526.32,4,5,5,455,Champions
142,1,329.65000000000003,2,1,2,212,Lost Customers
29,6,1157.8700000000001,4,4,4,444,Champions
106,5,428.18,2,4,2,242,Need Attention
1,12,1865.8899999999999,5,5,4,554,Champions
204,1,155.9,1,1,1,111,Lost Customers
79,5,1848.96,2,4,4,244,At Risk
184,6,683.46,1,4,3,143,At Risk
169,1,237.61,2,1,1,211,Lost Customers
43,1,379.45,3,1,2,312,Need Attention
173,1,178.52,2,1,1,211,Lost Customers
364,1,458.92,1,1,2,112,Lost Customers
303,1,133.35,1,1,1,111,Lost Customers
2,4,664.34,5,3,3,533,Loyal Customers
3,4,695.07,5,3,3,533,Loyal Customers
11,1,156.34,5,1,1,511,New Customers
31,3,869.28,4,3,3,433,Loyal Customers
128,1,111.35,2,1,1,211,Lost Customers
20,8,716.0,4,4,3,443,Loyal Customers
211,2,201.37,1,2,1,121,Lost Customers
322,2,586.89,1,2,3,123,Need Attention
161,1,203.85999999999999,2,1,1,211,Lost Customers
55,3,244.1,3,3,1,331,Need Attention
224,1,107.21,1,1,1,111,Lost Customers
71,8,1118.96,3,4,4,344,Loyal Customers
43,1,95.45,3,1,1,311,Need Attention
22,1,256.32,4,1,2,412,Potential Loyalists
172,3,541.81,2,3,3,233,At Risk
84,2,152.06,2,2,1,221,Lost Customers
158,1,154.55,2,1,1,211,Lost Customers
189,2,112.19999999999999,1,2,1,121,Lost Customers
28,1,110.38,4,1,1,411,New Customers
20,1,181.07,4,1,1,411,New Customers
70,4,798.99,3,3,3,333,Loyal Customers
246,1,72.9,1,1,1,111,Lost Customers
373,1,232.03,1,1,1,111,Lost Customers
8,1,366.23,5,1,2,512,Potential Loyalists
309,5,310.06,1,4,2,142,Need Attention
58,2,408.65,3,2,2,322,Need Attention
3,1,329.36,5,1,2,512,Potential Loyalists
44,3,335.03,3,3,2,332,Need Attention
87,1,1304.04,2,1,4,214,Need Attention
3,17,4119.5,5,5,5,555,Champions
63,4,820.23,3,3,3,333,Loyal Customers
281,1,207.50000000000003,1,1,1,111,Lost Customers
11,7,2962.5,5,4,5,545,Champions
372,1,244.08,1,1,1,111,Lost Customers
132,2,397.29,2,2,2,222,Lost Customers
44,2,212.54,3,2,1,321,Need Attention
10,4,843.0,5,3,3,533,Loyal Customers
35,5,1740.48,3,4,4,344,Loyal Customers
133,2,408.36,2,2,2,222,Lost Customers
28,3,1331.57,4,3,4,434,Loyal Customers
51,2,704.25,3,2,3,323,Need Attention
137,2,145.79,2,2,1,221,Lost Customers
4,1,380.13,5,1,2,512,Potential Loyalists
8,7,4301.22,5,4,5,545,Champions
159,1,99.14,2,1,1,211,Lost Customers
48,10,4020.04,3,4,5,345,Loyal Customers
130,1,304.56,2,1,2,212,Lost Customers
7,1,77.50000000000001,5,1,1,511,New Customers
232,2,149.57999999999998,1,2,1,121,Lost Customers
36,1,176.68,3,1,1,311,Need Attention
146,1,358.56000000000006,2,1,2,212,Lost Customers
0,45,58510.48,5,5,5,555,Champions
71,3,482.2,3,3,2,332,Need Attention
39,3,1008.5400000000001,3,3,4,334,Loyal Customers
4,12,2314.13,5,5,5,555,Champions
198,4,557.3,1,3,3,133,At Risk
248,1,12.75,1,1,1,111,Lost Customers
65,1,111.68,3,1,1,311,Need Attention
116,1,508.46000000000004,2,1,3,213,Need Attention
170,1,73.78,2,1,1,211,Lost Customers
20,39,1296.44,4,5,4,454,Champions
141,1,102.41,2,1,1,211,Lost Customers
31,2,463.21,4,2,2,422,Potential Loyalists
37,14,2599.19,3,5,5,355,Loyal Customers
37,5,1098.43,3,4,4,344,Loyal Customers
371,1,112.27,1,1,1,111,Lost Customers
373,1,265.1,1,1,2,112,Lost Customers
165,2,228.2,2,2,1,221,Lost Customers
210,1,562.79,1,1,3,113,Need Attention
241,1,135.19,1,1,1,111,Lost Customers
51,1,337.04,3,1,2,312,Need Attention
24,3,703.99,4,3,3,433,Loyal Customers
14,13,4483.26,4,5,5,455,Champions
371,1,321.79,1,1,2,112,Lost Customers
28,1,288.14,4,1,2,412,Potential Loyalists
364,1,300.91999999999996,1,1,2,112,Lost Customers
35,4,732.41,3,3,3,333,Loyal Customers
165,3,811.45,2,3,3,233,At Risk
144,1,152.68,2,1,1,211,Lost Customers
21,1,631.35,4,1,3,413,Potential Loyalists
55,1,20.8,3,1,1,311,Need Attention
184,1,198.57,1,1,1,111,Lost Customers
11,7,201.12,5,4,1,541,Need Attention
236,3,630.84,1,3,3,133,At Risk
224,2,93.35,1,2,1,121,Lost Customers
121,4,674.89,2,3,3,233,At Risk
281,1,76.1,1,1,1,111,Lost Customers
73,8,1962.46,2,4,4,244,At Risk
36,2,380.39,3,2,2,322,Need Attention
11,2,415.13,5,2,2,522,Potential Loyalists
361,1,157.92,1,1,1,111,Lost Customers
3,2,226.47,5,2,1,521,Need Attention
22,1,444.68,4,1,2,412,Potential Loyalists
69,9,2116.19,3,4,5,345,Loyal Customers
234,1,247.39,1,1,1,111,Lost Customers
256,1,174.8,1,1,1,111,Lost Customers
372,1,102.78999999999999,1,1,1,111,Lost Customers
154,2,187.29,2,2,1,221,Lost Customers
27,1,162.22,4,1,1,411,New Customers
3,1,120.03,5,1,1,511,New Customers
31,5,1477.66,4,4,4,444,Champions
80,3,523.0,2,3,3,233,At Risk
107,2,122.14,2,2,1,221,Lost Customers
51,1,38.45,3,1,1,311,Need Attention
35,1,612.72,3,1,3,313,Need Attention
152,2,389.78,2,2,2,222,Lost Customers
98,1,115.31,2,1,1,211,Lost Customers
3,2,230.64999999999998,5,2,1,521,Need Attention
333,1,73.5,1,1,1,111,Lost Customers
64,1,93.82000000000001,3,1,1,311,Need Attention
21,2,418.68,4,2,2,422,Potential Loyalists
35,3,713.89,3,3,3,333,Loyal Customers
31,3,403.12,4,3,2,432,Need Attention
153,6,70.02,2,4,1,241,Need Attention
18,2,357.20000000000005,4,2,2,422,Potential Loyalists
11,21,4097.37,5,5,5,555,Champions
53,1,165.04999999999998,3,1,1,311,Need Attention
24,3,529.29,4,3,3,433,Loyal Customers
3,10,2088.6,5,4,5,545,Champions
44,1,178.34,3,1,1,311,Need Attention
202,2,172.29000000000002,1,2,1,121,Lost Customers
358,1,74.4,1,1,1,111,Lost Customers
70,1,300.02,3,1,2,312,Need Attention
6,10,6761.34,5,4,5,545,Champions
287,1,363.65,1,1,2,112,Lost Customers
9,1,170.16,5,1,1,511,New Customers
22,3,306.46,4,3,2,432,Need Attention
21,10,2119.41,4,4,5,445,Champions
172,3,720.52,2,3,3,233,At Risk
132,2,814.0,2,2,3,223,Need Attention
5,14,2392.83,5,5,5,555,Champions
74,1,318.0,2,1,2,212,Lost Customers
39,1,396.33,3,1,2,312,Need Attention
288,1,101.7,1,1,1,111,Lost Customers
25,5,2009.24,4,4,4,444,Champions
257,2,453.0,1,2,2,122,Lost Customers
185,1,247.44,1,1,1,111,Lost Customers
113,12,3859.82,2,5,5,255,At Risk
373,1,489.6,1,1,3,113,Need Attention
22,10,2611.75,4,4,5,445,Champions
7,11,2584.41,5,5,5,555,Champions
216,2,336.13,1,2,2,122,Lost Customers
44,4,3613.15,3,3,5,335,Loyal Customers
18,2,1231.5,4,2,4,424,Potential Loyalists
35,3,343.45,3,3,2,332,Need Attention
25,1,680.84,4,1,3,413,Potential Loyalists
15,1,90.48,4,1,1,411,New Customers
329,2,689.95,1,2,3,123,Need Attention
273,1,101.34,1,1,1,111,Lost Customers
97,2,4055.7200000000003,2,2,5,225,Need Attention
60,1,166.03,3,1,1,311,Need Attention
1,11,9068.26,5,5,5,555,Champions
92,4,2106.52,2,3,5,235,At Risk
81,7,3017.3,2,4,5,245,At Risk
312,2,580.05,1,2,3,123,Need Attention
11,3,849.06,5,3,3,533,Loyal Customers
7,6,2662.4,5,4,5,545,Champions
126,1,168.31,2,1,1,211,Lost Customers
10,2,222.4,5,2,1,521,Need Attention
0,60,259657.3,5,5,5,555,Champions
36,1,754.64,3,1,3,313,Need Attention
37,1,113.48000000000002,3,1,1,311,Need Attention
329,1,421.9,1,1,2,112,Lost Customers
253,1,271.0,1,1,2,112,Lost Customers
1,26,8004.92,5,5,5,555,Champions
19,1,198.8,4,1,1,411,New Customers
11,2,352.69,5,2,2,522,Potential Loyalists
368,1,76.32000000000001,1,1,1,111,Lost Customers
289,1,220.1,1,1,1,111,Lost Customers
67,8,1403.1100000000001,3,4,4,344,Loyal Customers
25,1,315.65,4,1,2,412,Potential Loyalists
10,26,5625.08,5,5,5,555,Champions
367,1,180.7,1,1,1,111,Lost Customers
213,1,111.15,1,1,1,111,Lost Customers
148,2,653.3000000000001,2,2,3,223,Need Attention
7,6,1793.06,5,4,4,544,Champions
23,2,574.4399999999999,4,2,3,423,Potential Loyalists
29,4,1131.75,4,3,4,434,Loyal Customers
60,1,200.92,3,1,1,311,Need Attention
18,3,347.08,4,3,2,432,Need Attention
242,1,112.55000000000001,1,1,1,111,Lost Customers
14,3,1059.39,4,3,4,434,Loyal Customers
211,1,931.5,1,1,3,113,Need Attention
28,5,681.91,4,4,3,443,Loyal Customers
62,3,784.33,3,3,3,333,Loyal Customers
294,1,152.65,1,1,1,111,Lost Customers
17,6,8438.34,4,4,5,445,Champions
156,2,1019.52,2,2,4,224,Need Attention
116,2,1000.16,2,2,4,224,Need Attention
7,12,2888.75,5,5,5,555,Champions
12,4,2861.55,5,3,5,535,Loyal Customers
140,2,160.35,2,2,1,221,Lost Customers
45,2,179.34,3,2,1,321,Need Attention
50,3,612.0799999999999,3,3,3,333,Loyal Customers
31,3,566.58,4,3,3,433,Loyal Customers
134,2,653.35,2,2,3,223,Need Attention
2,2,399.19,5,2,2,522,Potential Loyalists
74,3,371.62,2,3,2,232,Need Attention
12,2,675.64,5,2,3,523,Potential Loyalists
8,2,453.4,5,2,2,522,Potential Loyalists
300,1,530.15,1,1,3,113,Need Attention
56,2,638.0600000000001,3,2,3,323,Need Attention
14,5,1618.69,4,4,4,444,Champions
36,1,399.65,3,1,2,312,Need Attention
176,1,302.46,2,1,2,212,Lost Customers
22,3,1384.8600000000001,4,3,4,434,Loyal Customers
175,6,1160.04,2,4,4,244,At Risk
60,1,202.65,3,1,1,311,Need Attention
32,3,980.3100000000001,4,3,4,434,Loyal Customers
58,5,1231.31,3,4,4,344,Loyal Customers
14,20,7561.68,4,5,5,455,Champions
86,4,2106.84,2,3,5,235,At Risk
6,1,104.0,5,1,1,511,New Customers
357,1,476.35,1,1,2,112,Lost Customers
30,6,1340.8700000000001,4,4,4,444,Champions
128,4,1590.81,2,3,4,234,At Risk
8,6,1793.17,5,4,4,544,Champions
4,6,1843.75,5,4,4,544,Champions
23,1,366.85,4,1,2,412,Potential Loyalists
226,2,632.07,1,2,3,123,Need Attention
14,1,49.8,4,1,1,411,New Customers
248,1,304.25,1,1,2,112,Lost Customers
14,3,2001.04,4,3,4,434,Loyal Customers
77,2,1090.24,2,2,4,224,Need Attention
191,2,284.46000000000004,1,2,2,122,Lost Customers
261,1,207.8,1,1,1,111,Lost Customers
71,1,957.97,3,1,4,314,Need Attention
164,1,243.76,2,1,1,211,Lost Customers
81,1,973.84,2,1,4,214,Need Attention
94,2,686.63,2,2,3,223,Need Attention
3,17,5425.56,5,5,5,555,Champions
105,1,150.35,2,1,1,211,Lost Customers
199,3,1396.99,1,3,4,134,At Risk
156,1,160.42000000000002,2,1,1,211,Lost Customers
70,3,1975.3500000000001,3,3,4,334,Loyal Customers
35,2,517.36,3,2,3,323,Need Attention
28,1,139.10000000000002,4,1,1,411,New Customers
1,6,2621.38,5,4,5,545,Champions
25,5,600.07,4,4,3,443,Loyal Customers
325,1,216.07,1,1,1,111,Lost Customers
236,1,232.48000000000002,1,1,1,111,Lost Customers
88,1,299.34000000000003,2,1,2,212,Lost Customers
30,1,481.75,4,1,2,412,Potential Loyalists
28,2,621.75,4,2,3,423,Potential Loyalists
210,2,641.92,1,2,3,123,Need Attention
2,10,2069.77,5,4,5,545,Champions
226,1,305.28,1,1,2,112,Lost Customers
21,5,1041.61,4,4,4,444,Champions
92,1,443.0,2,1,2,212,Lost Customers
4,14,6484.54,5,5,5,555,Champions
263,1,158.95000000000002,1,1,1,111,Lost Customers
2,12,5504.96,5,5,5,555,Champions
43,11,5228.05,3,5,5,355,Loyal Customers
217,1,93.75,1,1,1,111,Lost Customers
56,2,779.9,3,2,3,323,Need Attention
11,20,7276.9,5,5,5,555,Champions
8,7,2810.2000000000003,5,4,5,545,Champions
191,5,2071.77,1,4,5,145,At Risk
81,4,592.97,2,3,3,233,At Risk
325,1,440.0,1,1,2,112,Lost Customers
71,3,1796.48,3,3,4,334,Loyal Customers
29,6,882.24,4,4,3,443,Loyal Customers
2,5,987.1,5,4,4,544,Champions
218,5,1561.6100000000001,1,4,4,144,At Risk
45,1,422.58,3,1,2,312,Need Attention
9,17,2073.09,5,5,5,555,Champions
71,4,2232.4900000000002,3,3,5,335,Loyal Customers
6,7,2567.06,5,4,5,545,Champions
23,2,596.1,4,2,3,423,Potential Loyalists
122,2,804.02,2,2,3,223,Need Attention
16,1,95.34,4,1,1,411,New Customers
309,1,349.27,1,1,2,112,Lost Customers
86,1,4314.72,2,1,5,215,Need Attention
50,2,518.27,3,2,3,323,Need Attention
88,1,103.30000000000001,2,1,1,211,Lost Customers
38,8,2337.63,3,4,5,345,Loyal Customers
24,3,2338.6,4,3,5,435,Loyal Customers
172,6,2628.35,2,4,5,245,At Risk
42,2,324.24,3,2,2,322,Need Attention
139,1,149.48,2,1,1,211,Lost Customers
25,3,1213.16,4,3,4,434,Loyal Customers
71,2,801.51,3,2,3,323,Need Attention
133,1,25.5,2,1,1,211,Lost Customers
365,1,168.60000000000002,1,1,1,111,Lost Customers
37,2,283.15000000000003,3,2,2,322,Need Attention
2,6,3078.58,5,4,5,545,Champions
1,3,204.0,5,3,1,531,Need Attention
29,1,175.92,4,1,1,411,New Customers
43,1,335.86,3,1,2,312,Need Attention
57,1,110.38,3,1,1,311,Need Attention
73,1,173.9,2,1,1,211,Lost Customers
277,1,180.60000000000002,1,1,1,111,Lost Customers
180,1,80.82,1,1,1,111,Lost Customers
7,2,178.05,5,2,1,521,Need Attention
3,16,2045.53,5,5,4,554,Champions
42,3,1837.28,3,3,4,334,Loyal Customers
